taxon,year,count
Adalia bipunctata,1600,1
Adalia bipunctata,1848,2
Adalia bipunctata,1892,1
Adalia bipunctata,1893,1
Adalia bipunctata,1900,1
Adalia bipunctata,1902,2
Adalia bipunctata,1903,1
Adalia bipunctata,1905,7
Adalia bipunctata,1906,1
Adalia bipunctata,1907,3
Adalia bipunctata,1910,1
Adalia bipunctata,1912,1
Adalia bipunctata,1916,1
Adalia bipunctata,1919,1
Adalia bipunctata,1920,2
Adalia bipunctata,1922,3
Adalia bipunctata,1923,2
Adalia bipunctata,1924,2
Adalia bipunctata,1925,2
Adalia bipunctata,1928,1
Adalia bipunctata,1929,1
Adalia bipunctata,1931,1
Adalia bipunctata,1932,1
Adalia bipunctata,1937,2
Adalia bipunctata,1938,2
Adalia bipunctata,1940,1
Adalia bipunctata,1941,1
Adalia bipunctata,1942,2
Adalia bipunctata,1943,3
Adalia bipunctata,1944,1
Adalia bipunctata,1945,2
Adalia bipunctata,1946,1
Adalia bipunctata,1947,1
Adalia bipunctata,1949,2
Adalia bipunctata,1950,1
Adalia bipunctata,1952,3
Adalia bipunctata,1954,1
Adalia bipunctata,1956,13
Adalia bipunctata,1957,2
Adalia bipunctata,1958,1
Adalia bipunctata,1959,1
Adalia bipunctata,1960,4
Adalia bipunctata,1963,1
Adalia bipunctata,1964,3
Adalia bipunctata,1965,3
Adalia bipunctata,1966,4
Adalia bipunctata,1967,1
Adalia bipunctata,1968,9
Adalia bipunctata,1969,1
Adalia bipunctata,1970,5
Adalia bipunctata,1971,10
Adalia bipunctata,1972,9
Adalia bipunctata,1973,21
Adalia bipunctata,1974,15
Adalia bipunctata,1975,49
Adalia bipunctata,1976,45
Adalia bipunctata,1977,79
Adalia bipunctata,1978,142
Adalia bipunctata,1979,43
Adalia bipunctata,1980,89
Adalia bipunctata,1981,53
Adalia bipunctata,1982,96
Adalia bipunctata,1983,80
Adalia bipunctata,1984,113
Adalia bipunctata,1985,119
Adalia bipunctata,1986,62
Adalia bipunctata,1987,103
Adalia bipunctata,1988,92
Adalia bipunctata,1989,253
Adalia bipunctata,1990,142
Adalia bipunctata,1991,210
Adalia bipunctata,1992,196
Adalia bipunctata,1993,251
Adalia bipunctata,1994,252
Adalia bipunctata,1995,308
Adalia bipunctata,1996,280
Adalia bipunctata,1997,223
Adalia bipunctata,1998,146
Adalia bipunctata,1999,422
Adalia bipunctata,2000,518
Adalia bipunctata,2001,1439
Adalia bipunctata,2002,1174
Adalia bipunctata,2003,1166
Adalia bipunctata,2004,1295
Adalia bipunctata,2005,2099
Adalia bipunctata,2006,1418
Adalia bipunctata,2007,1207
Adalia bipunctata,2008,454
Adalia bipunctata,2009,526
Adalia bipunctata,2010,636
Adalia bipunctata,2011,94
Adalia bipunctata,2012,31
Adalia bipunctata,2013,465
Adalia bipunctata,2014,737
Adalia bipunctata,2015,408
Adalia bipunctata,2016,479
Adalia bipunctata,2017,292
Adalia bipunctata,2018,236
Adalia bipunctata,2019,349
Adalia bipunctata,2020,488
Adalia decempunctata,1600,1
Adalia decempunctata,1848,2
Adalia decempunctata,1888,1
Adalia decempunctata,1891,2
Adalia decempunctata,1892,1
Adalia decempunctata,1894,2
Adalia decempunctata,1898,1
Adalia decempunctata,1899,1
Adalia decempunctata,1900,6
Adalia decempunctata,1901,1
Adalia decempunctata,1902,2
Adalia decempunctata,1903,3
Adalia decempunctata,1904,4
Adalia decempunctata,1905,2
Adalia decempunctata,1906,1
Adalia decempunctata,1907,2
Adalia decempunctata,1909,1
Adalia decempunctata,1911,4
Adalia decempunctata,1917,1
Adalia decempunctata,1919,1
Adalia decempunctata,1920,2
Adalia decempunctata,1922,2
Adalia decempunctata,1923,4
Adalia decempunctata,1924,2
Adalia decempunctata,1925,1
Adalia decempunctata,1927,2
Adalia decempunctata,1928,2
Adalia decempunctata,1929,1
Adalia decempunctata,1931,4
Adalia decempunctata,1932,3
Adalia decempunctata,1933,2
Adalia decempunctata,1936,1
Adalia decempunctata,1938,6
Adalia decempunctata,1939,2
Adalia decempunctata,1940,5
Adalia decempunctata,1941,4
Adalia decempunctata,1942,3
Adalia decempunctata,1943,7
Adalia decempunctata,1944,3
Adalia decempunctata,1945,2
Adalia decempunctata,1946,3
Adalia decempunctata,1949,3
Adalia decempunctata,1950,1
Adalia decempunctata,1951,6
Adalia decempunctata,1952,3
Adalia decempunctata,1954,4
Adalia decempunctata,1955,5
Adalia decempunctata,1956,12
Adalia decempunctata,1957,2
Adalia decempunctata,1958,8
Adalia decempunctata,1959,3
Adalia decempunctata,1960,7
Adalia decempunctata,1961,3
Adalia decempunctata,1962,1
Adalia decempunctata,1963,2
Adalia decempunctata,1964,3
Adalia decempunctata,1965,2
Adalia decempunctata,1966,3
Adalia decempunctata,1968,8
Adalia decempunctata,1969,3
Adalia decempunctata,1970,7
Adalia decempunctata,1971,24
Adalia decempunctata,1972,14
Adalia decempunctata,1973,20
Adalia decempunctata,1974,6
Adalia decempunctata,1975,15
Adalia decempunctata,1976,46
Adalia decempunctata,1977,95
Adalia decempunctata,1978,69
Adalia decempunctata,1979,25
Adalia decempunctata,1980,69
Adalia decempunctata,1981,32
Adalia decempunctata,1982,25
Adalia decempunctata,1983,61
Adalia decempunctata,1984,79
Adalia decempunctata,1985,49
Adalia decempunctata,1986,55
Adalia decempunctata,1987,48
Adalia decempunctata,1988,73
Adalia decempunctata,1989,197
Adalia decempunctata,1990,152
Adalia decempunctata,1991,180
Adalia decempunctata,1992,120
Adalia decempunctata,1993,144
Adalia decempunctata,1994,113
Adalia decempunctata,1995,151
Adalia decempunctata,1996,181
Adalia decempunctata,1997,94
Adalia decempunctata,1998,82
Adalia decempunctata,1999,174
Adalia decempunctata,2000,222
Adalia decempunctata,2001,328
Adalia decempunctata,2002,231
Adalia decempunctata,2003,272
Adalia decempunctata,2004,340
Adalia decempunctata,2005,627
Adalia decempunctata,2006,577
Adalia decempunctata,2007,455
Adalia decempunctata,2008,166
Adalia decempunctata,2009,229
Adalia decempunctata,2010,294
Adalia decempunctata,2011,56
Adalia decempunctata,2012,27
Adalia decempunctata,2013,164
Adalia decempunctata,2014,287
Adalia decempunctata,2015,273
Adalia decempunctata,2016,312
Adalia decempunctata,2017,223
Adalia decempunctata,2018,227
Adalia decempunctata,2019,392
Adalia decempunctata,2020,460
Anatis ocellata,1848,3
Anatis ocellata,1881,1
Anatis ocellata,1888,1
Anatis ocellata,1890,1
Anatis ocellata,1893,1
Anatis ocellata,1894,2
Anatis ocellata,1897,1
Anatis ocellata,1899,4
Anatis ocellata,1900,1
Anatis ocellata,1902,1
Anatis ocellata,1904,1
Anatis ocellata,1906,2
Anatis ocellata,1912,1
Anatis ocellata,1916,2
Anatis ocellata,1919,1
Anatis ocellata,1920,1
Anatis ocellata,1925,2
Anatis ocellata,1929,2
Anatis ocellata,1930,1
Anatis ocellata,1935,1
Anatis ocellata,1936,1
Anatis ocellata,1938,7
Anatis ocellata,1941,1
Anatis ocellata,1945,3
Anatis ocellata,1948,1
Anatis ocellata,1951,1
Anatis ocellata,1952,1
Anatis ocellata,1955,1
Anatis ocellata,1956,4
Anatis ocellata,1957,1
Anatis ocellata,1958,1
Anatis ocellata,1959,3
Anatis ocellata,1960,3
Anatis ocellata,1961,5
Anatis ocellata,1964,1
Anatis ocellata,1966,1
Anatis ocellata,1969,2
Anatis ocellata,1970,2
Anatis ocellata,1971,6
Anatis ocellata,1972,1
Anatis ocellata,1973,2
Anatis ocellata,1974,1
Anatis ocellata,1975,1
Anatis ocellata,1976,6
Anatis ocellata,1977,11
Anatis ocellata,1978,12
Anatis ocellata,1979,12
Anatis ocellata,1980,19
Anatis ocellata,1981,17
Anatis ocellata,1982,13
Anatis ocellata,1983,26
Anatis ocellata,1984,25
Anatis ocellata,1985,29
Anatis ocellata,1986,20
Anatis ocellata,1987,16
Anatis ocellata,1988,11
Anatis ocellata,1989,42
Anatis ocellata,1990,40
Anatis ocellata,1991,35
Anatis ocellata,1992,41
Anatis ocellata,1993,32
Anatis ocellata,1994,17
Anatis ocellata,1995,52
Anatis ocellata,1996,38
Anatis ocellata,1997,25
Anatis ocellata,1998,20
Anatis ocellata,1999,15
Anatis ocellata,2000,19
Anatis ocellata,2001,32
Anatis ocellata,2002,23
Anatis ocellata,2003,20
Anatis ocellata,2004,50
Anatis ocellata,2005,142
Anatis ocellata,2006,90
Anatis ocellata,2007,93
Anatis ocellata,2008,34
Anatis ocellata,2009,47
Anatis ocellata,2010,47
Anatis ocellata,2011,17
Anatis ocellata,2012,7
Anatis ocellata,2013,14
Anatis ocellata,2014,16
Anatis ocellata,2015,57
Anatis ocellata,2016,46
Anatis ocellata,2017,49
Anatis ocellata,2018,47
Anatis ocellata,2019,85
Anatis ocellata,2020,85
Anisosticta novemdecimpunctata,1830,1
Anisosticta novemdecimpunctata,1855,2
Anisosticta novemdecimpunctata,1892,1
Anisosticta novemdecimpunctata,1898,1
Anisosticta novemdecimpunctata,1899,3
Anisosticta novemdecimpunctata,1900,1
Anisosticta novemdecimpunctata,1901,3
Anisosticta novemdecimpunctata,1912,1
Anisosticta novemdecimpunctata,1918,1
Anisosticta novemdecimpunctata,1920,5
Anisosticta novemdecimpunctata,1925,4
Anisosticta novemdecimpunctata,1934,1
Anisosticta novemdecimpunctata,1937,1
Anisosticta novemdecimpunctata,1938,3
Anisosticta novemdecimpunctata,1940,1
Anisosticta novemdecimpunctata,1942,2
Anisosticta novemdecimpunctata,1943,4
Anisosticta novemdecimpunctata,1949,1
Anisosticta novemdecimpunctata,1950,1
Anisosticta novemdecimpunctata,1955,2
Anisosticta novemdecimpunctata,1957,3
Anisosticta novemdecimpunctata,1958,2
Anisosticta novemdecimpunctata,1959,1
Anisosticta novemdecimpunctata,1960,6
Anisosticta novemdecimpunctata,1962,3
Anisosticta novemdecimpunctata,1963,2
Anisosticta novemdecimpunctata,1964,2
Anisosticta novemdecimpunctata,1965,3
Anisosticta novemdecimpunctata,1967,1
Anisosticta novemdecimpunctata,1968,1
Anisosticta novemdecimpunctata,1969,6
Anisosticta novemdecimpunctata,1970,4
Anisosticta novemdecimpunctata,1971,5
Anisosticta novemdecimpunctata,1972,3
Anisosticta novemdecimpunctata,1973,4
Anisosticta novemdecimpunctata,1974,1
Anisosticta novemdecimpunctata,1975,7
Anisosticta novemdecimpunctata,1976,9
Anisosticta novemdecimpunctata,1977,8
Anisosticta novemdecimpunctata,1978,17
Anisosticta novemdecimpunctata,1979,5
Anisosticta novemdecimpunctata,1980,12
Anisosticta novemdecimpunctata,1981,18
Anisosticta novemdecimpunctata,1982,20
Anisosticta novemdecimpunctata,1983,37
Anisosticta novemdecimpunctata,1984,35
Anisosticta novemdecimpunctata,1985,24
Anisosticta novemdecimpunctata,1986,19
Anisosticta novemdecimpunctata,1987,18
Anisosticta novemdecimpunctata,1988,28
Anisosticta novemdecimpunctata,1989,14
Anisosticta novemdecimpunctata,1990,20
Anisosticta novemdecimpunctata,1991,69
Anisosticta novemdecimpunctata,1992,60
Anisosticta novemdecimpunctata,1993,71
Anisosticta novemdecimpunctata,1994,38
Anisosticta novemdecimpunctata,1995,47
Anisosticta novemdecimpunctata,1996,47
Anisosticta novemdecimpunctata,1997,68
Anisosticta novemdecimpunctata,1998,47
Anisosticta novemdecimpunctata,1999,71
Anisosticta novemdecimpunctata,2000,85
Anisosticta novemdecimpunctata,2001,81
Anisosticta novemdecimpunctata,2002,80
Anisosticta novemdecimpunctata,2003,129
Anisosticta novemdecimpunctata,2004,61
Anisosticta novemdecimpunctata,2005,64
Anisosticta novemdecimpunctata,2006,74
Anisosticta novemdecimpunctata,2007,27
Anisosticta novemdecimpunctata,2008,15
Anisosticta novemdecimpunctata,2009,63
Anisosticta novemdecimpunctata,2010,20
Anisosticta novemdecimpunctata,2011,10
Anisosticta novemdecimpunctata,2012,6
Anisosticta novemdecimpunctata,2013,8
Anisosticta novemdecimpunctata,2014,30
Anisosticta novemdecimpunctata,2015,25
Anisosticta novemdecimpunctata,2016,39
Anisosticta novemdecimpunctata,2017,42
Anisosticta novemdecimpunctata,2018,38
Anisosticta novemdecimpunctata,2019,66
Anisosticta novemdecimpunctata,2020,38
Aphidecta obliterata,1600,3
Aphidecta obliterata,1848,2
Aphidecta obliterata,1860,1
Aphidecta obliterata,1878,1
Aphidecta obliterata,1888,2
Aphidecta obliterata,1890,2
Aphidecta obliterata,1891,1
Aphidecta obliterata,1893,2
Aphidecta obliterata,1894,3
Aphidecta obliterata,1895,2
Aphidecta obliterata,1896,1
Aphidecta obliterata,1899,3
Aphidecta obliterata,1900,1
Aphidecta obliterata,1901,1
Aphidecta obliterata,1904,1
Aphidecta obliterata,1906,2
Aphidecta obliterata,1913,2
Aphidecta obliterata,1914,1
Aphidecta obliterata,1915,3
Aphidecta obliterata,1920,2
Aphidecta obliterata,1922,3
Aphidecta obliterata,1925,2
Aphidecta obliterata,1928,1
Aphidecta obliterata,1929,1
Aphidecta obliterata,1938,1
Aphidecta obliterata,1939,1
Aphidecta obliterata,1941,3
Aphidecta obliterata,1942,1
Aphidecta obliterata,1944,2
Aphidecta obliterata,1945,2
Aphidecta obliterata,1947,1
Aphidecta obliterata,1948,1
Aphidecta obliterata,1951,2
Aphidecta obliterata,1953,3
Aphidecta obliterata,1956,4
Aphidecta obliterata,1957,2
Aphidecta obliterata,1958,2
Aphidecta obliterata,1961,1
Aphidecta obliterata,1962,1
Aphidecta obliterata,1966,2
Aphidecta obliterata,1968,1
Aphidecta obliterata,1969,1
Aphidecta obliterata,1970,2
Aphidecta obliterata,1971,7
Aphidecta obliterata,1972,1
Aphidecta obliterata,1973,4
Aphidecta obliterata,1974,2
Aphidecta obliterata,1975,2
Aphidecta obliterata,1976,6
Aphidecta obliterata,1977,14
Aphidecta obliterata,1978,18
Aphidecta obliterata,1979,11
Aphidecta obliterata,1980,23
Aphidecta obliterata,1981,17
Aphidecta obliterata,1982,14
Aphidecta obliterata,1983,22
Aphidecta obliterata,1984,33
Aphidecta obliterata,1985,13
Aphidecta obliterata,1986,22
Aphidecta obliterata,1987,22
Aphidecta obliterata,1988,13
Aphidecta obliterata,1989,89
Aphidecta obliterata,1990,23
Aphidecta obliterata,1991,51
Aphidecta obliterata,1992,26
Aphidecta obliterata,1993,36
Aphidecta obliterata,1994,27
Aphidecta obliterata,1995,42
Aphidecta obliterata,1996,18
Aphidecta obliterata,1997,22
Aphidecta obliterata,1998,12
Aphidecta obliterata,1999,17
Aphidecta obliterata,2000,28
Aphidecta obliterata,2001,31
Aphidecta obliterata,2002,23
Aphidecta obliterata,2003,28
Aphidecta obliterata,2004,12
Aphidecta obliterata,2005,47
Aphidecta obliterata,2006,55
Aphidecta obliterata,2007,39
Aphidecta obliterata,2008,7
Aphidecta obliterata,2009,28
Aphidecta obliterata,2010,28
Aphidecta obliterata,2011,9
Aphidecta obliterata,2012,7
Aphidecta obliterata,2013,27
Aphidecta obliterata,2014,28
Aphidecta obliterata,2015,68
Aphidecta obliterata,2016,63
Aphidecta obliterata,2017,50
Aphidecta obliterata,2018,51
Aphidecta obliterata,2019,134
Aphidecta obliterata,2020,75
Calvia quattuordecimguttata,1600,5
Calvia quattuordecimguttata,1832,2
Calvia quattuordecimguttata,1848,2
Calvia quattuordecimguttata,1860,1
Calvia quattuordecimguttata,1875,1
Calvia quattuordecimguttata,1876,1
Calvia quattuordecimguttata,1880,1
Calvia quattuordecimguttata,1881,2
Calvia quattuordecimguttata,1882,1
Calvia quattuordecimguttata,1888,1
Calvia quattuordecimguttata,1891,1
Calvia quattuordecimguttata,1892,1
Calvia quattuordecimguttata,1893,2
Calvia quattuordecimguttata,1894,2
Calvia quattuordecimguttata,1895,3
Calvia quattuordecimguttata,1896,1
Calvia quattuordecimguttata,1898,1
Calvia quattuordecimguttata,1900,4
Calvia quattuordecimguttata,1901,7
Calvia quattuordecimguttata,1902,2
Calvia quattuordecimguttata,1904,2
Calvia quattuordecimguttata,1905,1
Calvia quattuordecimguttata,1907,1
Calvia quattuordecimguttata,1909,1
Calvia quattuordecimguttata,1910,1
Calvia quattuordecimguttata,1911,10
Calvia quattuordecimguttata,1912,1
Calvia quattuordecimguttata,1913,1
Calvia quattuordecimguttata,1915,1
Calvia quattuordecimguttata,1916,2
Calvia quattuordecimguttata,1918,1
Calvia quattuordecimguttata,1919,1
Calvia quattuordecimguttata,1920,2
Calvia quattuordecimguttata,1921,2
Calvia quattuordecimguttata,1922,2
Calvia quattuordecimguttata,1923,2
Calvia quattuordecimguttata,1924,1
Calvia quattuordecimguttata,1925,1
Calvia quattuordecimguttata,1926,2
Calvia quattuordecimguttata,1930,2
Calvia quattuordecimguttata,1933,1
Calvia quattuordecimguttata,1936,1
Calvia quattuordecimguttata,1938,1
Calvia quattuordecimguttata,1942,1
Calvia quattuordecimguttata,1944,2
Calvia quattuordecimguttata,1945,2
Calvia quattuordecimguttata,1950,1
Calvia quattuordecimguttata,1952,1
Calvia quattuordecimguttata,1953,1
Calvia quattuordecimguttata,1954,2
Calvia quattuordecimguttata,1956,3
Calvia quattuordecimguttata,1957,1
Calvia quattuordecimguttata,1958,1
Calvia quattuordecimguttata,1959,3
Calvia quattuordecimguttata,1960,6
Calvia quattuordecimguttata,1961,1
Calvia quattuordecimguttata,1963,3
Calvia quattuordecimguttata,1964,3
Calvia quattuordecimguttata,1965,2
Calvia quattuordecimguttata,1966,2
Calvia quattuordecimguttata,1967,2
Calvia quattuordecimguttata,1968,2
Calvia quattuordecimguttata,1969,3
Calvia quattuordecimguttata,1970,6
Calvia quattuordecimguttata,1971,12
Calvia quattuordecimguttata,1972,12
Calvia quattuordecimguttata,1973,12
Calvia quattuordecimguttata,1974,3
Calvia quattuordecimguttata,1975,10
Calvia quattuordecimguttata,1976,9
Calvia quattuordecimguttata,1977,25
Calvia quattuordecimguttata,1978,39
Calvia quattuordecimguttata,1979,20
Calvia quattuordecimguttata,1980,56
Calvia quattuordecimguttata,1981,21
Calvia quattuordecimguttata,1982,26
Calvia quattuordecimguttata,1983,52
Calvia quattuordecimguttata,1984,59
Calvia quattuordecimguttata,1985,49
Calvia quattuordecimguttata,1986,49
Calvia quattuordecimguttata,1987,51
Calvia quattuordecimguttata,1988,54
Calvia quattuordecimguttata,1989,122
Calvia quattuordecimguttata,1990,72
Calvia quattuordecimguttata,1991,126
Calvia quattuordecimguttata,1992,90
Calvia quattuordecimguttata,1993,140
Calvia quattuordecimguttata,1994,79
Calvia quattuordecimguttata,1995,104
Calvia quattuordecimguttata,1996,116
Calvia quattuordecimguttata,1997,72
Calvia quattuordecimguttata,1998,72
Calvia quattuordecimguttata,1999,122
Calvia quattuordecimguttata,2000,139
Calvia quattuordecimguttata,2001,185
Calvia quattuordecimguttata,2002,217
Calvia quattuordecimguttata,2003,178
Calvia quattuordecimguttata,2004,250
Calvia quattuordecimguttata,2005,253
Calvia quattuordecimguttata,2006,258
Calvia quattuordecimguttata,2007,215
Calvia quattuordecimguttata,2008,113
Calvia quattuordecimguttata,2009,188
Calvia quattuordecimguttata,2010,169
Calvia quattuordecimguttata,2011,28
Calvia quattuordecimguttata,2012,16
Calvia quattuordecimguttata,2013,74
Calvia quattuordecimguttata,2014,186
Calvia quattuordecimguttata,2015,164
Calvia quattuordecimguttata,2016,163
Calvia quattuordecimguttata,2017,171
Calvia quattuordecimguttata,2018,188
Calvia quattuordecimguttata,2019,385
Calvia quattuordecimguttata,2020,313
Chilocorus bipustulatus,1830,1
Chilocorus bipustulatus,1848,2
Chilocorus bipustulatus,1884,1
Chilocorus bipustulatus,1890,2
Chilocorus bipustulatus,1895,3
Chilocorus bipustulatus,1896,1
Chilocorus bipustulatus,1897,1
Chilocorus bipustulatus,1900,1
Chilocorus bipustulatus,1902,2
Chilocorus bipustulatus,1907,1
Chilocorus bipustulatus,1914,1
Chilocorus bipustulatus,1919,2
Chilocorus bipustulatus,1920,1
Chilocorus bipustulatus,1922,2
Chilocorus bipustulatus,1927,1
Chilocorus bipustulatus,1934,2
Chilocorus bipustulatus,1935,2
Chilocorus bipustulatus,1936,3
Chilocorus bipustulatus,1938,1
Chilocorus bipustulatus,1960,1
Chilocorus bipustulatus,1961,2
Chilocorus bipustulatus,1965,5
Chilocorus bipustulatus,1967,1
Chilocorus bipustulatus,1970,2
Chilocorus bipustulatus,1971,6
Chilocorus bipustulatus,1973,1
Chilocorus bipustulatus,1976,2
Chilocorus bipustulatus,1977,2
Chilocorus bipustulatus,1978,2
Chilocorus bipustulatus,1979,1
Chilocorus bipustulatus,1980,1
Chilocorus bipustulatus,1982,4
Chilocorus bipustulatus,1983,10
Chilocorus bipustulatus,1984,17
Chilocorus bipustulatus,1985,8
Chilocorus bipustulatus,1986,1
Chilocorus bipustulatus,1988,5
Chilocorus bipustulatus,1989,17
Chilocorus bipustulatus,1990,17
Chilocorus bipustulatus,1991,15
Chilocorus bipustulatus,1992,16
Chilocorus bipustulatus,1993,12
Chilocorus bipustulatus,1994,3
Chilocorus bipustulatus,1995,6
Chilocorus bipustulatus,1996,4
Chilocorus bipustulatus,1997,2
Chilocorus bipustulatus,1998,7
Chilocorus bipustulatus,1999,13
Chilocorus bipustulatus,2000,13
Chilocorus bipustulatus,2001,20
Chilocorus bipustulatus,2002,15
Chilocorus bipustulatus,2003,11
Chilocorus bipustulatus,2004,38
Chilocorus bipustulatus,2005,28
Chilocorus bipustulatus,2006,51
Chilocorus bipustulatus,2007,63
Chilocorus bipustulatus,2008,4
Chilocorus bipustulatus,2009,5
Chilocorus bipustulatus,2010,10
Chilocorus bipustulatus,2011,7
Chilocorus bipustulatus,2012,5
Chilocorus bipustulatus,2013,9
Chilocorus bipustulatus,2014,10
Chilocorus bipustulatus,2015,12
Chilocorus bipustulatus,2016,13
Chilocorus bipustulatus,2017,11
Chilocorus bipustulatus,2018,16
Chilocorus bipustulatus,2019,45
Chilocorus bipustulatus,2020,16
Chilocorus renipustulatus,1879,1
Chilocorus renipustulatus,1884,1
Chilocorus renipustulatus,1892,1
Chilocorus renipustulatus,1899,1
Chilocorus renipustulatus,1911,1
Chilocorus renipustulatus,1915,1
Chilocorus renipustulatus,1919,2
Chilocorus renipustulatus,1920,1
Chilocorus renipustulatus,1929,1
Chilocorus renipustulatus,1933,1
Chilocorus renipustulatus,1936,1
Chilocorus renipustulatus,1938,1
Chilocorus renipustulatus,1940,1
Chilocorus renipustulatus,1942,3
Chilocorus renipustulatus,1945,2
Chilocorus renipustulatus,1946,1
Chilocorus renipustulatus,1948,1
Chilocorus renipustulatus,1950,3
Chilocorus renipustulatus,1953,1
Chilocorus renipustulatus,1954,1
Chilocorus renipustulatus,1955,2
Chilocorus renipustulatus,1959,1
Chilocorus renipustulatus,1965,2
Chilocorus renipustulatus,1967,2
Chilocorus renipustulatus,1968,5
Chilocorus renipustulatus,1969,3
Chilocorus renipustulatus,1970,4
Chilocorus renipustulatus,1971,4
Chilocorus renipustulatus,1972,2
Chilocorus renipustulatus,1973,2
Chilocorus renipustulatus,1974,3
Chilocorus renipustulatus,1975,5
Chilocorus renipustulatus,1976,9
Chilocorus renipustulatus,1977,13
Chilocorus renipustulatus,1978,4
Chilocorus renipustulatus,1979,5
Chilocorus renipustulatus,1980,13
Chilocorus renipustulatus,1981,10
Chilocorus renipustulatus,1982,20
Chilocorus renipustulatus,1983,29
Chilocorus renipustulatus,1984,48
Chilocorus renipustulatus,1985,13
Chilocorus renipustulatus,1986,13
Chilocorus renipustulatus,1987,14
Chilocorus renipustulatus,1988,27
Chilocorus renipustulatus,1989,56
Chilocorus renipustulatus,1990,71
Chilocorus renipustulatus,1991,50
Chilocorus renipustulatus,1992,227
Chilocorus renipustulatus,1993,49
Chilocorus renipustulatus,1994,14
Chilocorus renipustulatus,1995,45
Chilocorus renipustulatus,1996,42
Chilocorus renipustulatus,1997,36
Chilocorus renipustulatus,1998,30
Chilocorus renipustulatus,1999,53
Chilocorus renipustulatus,2000,112
Chilocorus renipustulatus,2001,148
Chilocorus renipustulatus,2002,134
Chilocorus renipustulatus,2003,51
Chilocorus renipustulatus,2004,92
Chilocorus renipustulatus,2005,124
Chilocorus renipustulatus,2006,108
Chilocorus renipustulatus,2007,120
Chilocorus renipustulatus,2008,19
Chilocorus renipustulatus,2009,100
Chilocorus renipustulatus,2010,75
Chilocorus renipustulatus,2011,18
Chilocorus renipustulatus,2012,10
Chilocorus renipustulatus,2013,43
Chilocorus renipustulatus,2014,88
Chilocorus renipustulatus,2015,88
Chilocorus renipustulatus,2016,97
Chilocorus renipustulatus,2017,98
Chilocorus renipustulatus,2018,128
Chilocorus renipustulatus,2019,203
Chilocorus renipustulatus,2020,128
Clitostethus arcuatus,1872,2
Clitostethus arcuatus,1983,2
Clitostethus arcuatus,1992,2
Clitostethus arcuatus,1995,3
Clitostethus arcuatus,1996,2
Clitostethus arcuatus,1999,2
Clitostethus arcuatus,2000,1
Clitostethus arcuatus,2003,2
Clitostethus arcuatus,2004,2
Clitostethus arcuatus,2005,6
Clitostethus arcuatus,2007,3
Clitostethus arcuatus,2008,2
Clitostethus arcuatus,2010,4
Clitostethus arcuatus,2011,4
Clitostethus arcuatus,2016,1
Clitostethus arcuatus,2018,4
Clitostethus arcuatus,2019,4
Clitostethus arcuatus,2020,2
Coccidula rufa,1848,2
Coccidula rufa,1880,1
Coccidula rufa,1888,1
Coccidula rufa,1892,1
Coccidula rufa,1898,1
Coccidula rufa,1900,4
Coccidula rufa,1901,6
Coccidula rufa,1902,2
Coccidula rufa,1905,1
Coccidula rufa,1906,2
Coccidula rufa,1907,1
Coccidula rufa,1910,2
Coccidula rufa,1911,4
Coccidula rufa,1912,1
Coccidula rufa,1915,1
Coccidula rufa,1920,3
Coccidula rufa,1921,1
Coccidula rufa,1922,3
Coccidula rufa,1925,4
Coccidula rufa,1926,3
Coccidula rufa,1927,2
Coccidula rufa,1935,1
Coccidula rufa,1937,1
Coccidula rufa,1938,1
Coccidula rufa,1939,1
Coccidula rufa,1940,3
Coccidula rufa,1943,2
Coccidula rufa,1946,2
Coccidula rufa,1951,2
Coccidula rufa,1956,3
Coccidula rufa,1957,2
Coccidula rufa,1959,2
Coccidula rufa,1960,3
Coccidula rufa,1961,1
Coccidula rufa,1963,7
Coccidula rufa,1964,1
Coccidula rufa,1965,3
Coccidula rufa,1967,2
Coccidula rufa,1968,3
Coccidula rufa,1969,3
Coccidula rufa,1970,5
Coccidula rufa,1971,2
Coccidula rufa,1972,3
Coccidula rufa,1973,10
Coccidula rufa,1974,5
Coccidula rufa,1975,7
Coccidula rufa,1976,15
Coccidula rufa,1977,22
Coccidula rufa,1978,34
Coccidula rufa,1979,16
Coccidula rufa,1980,38
Coccidula rufa,1981,22
Coccidula rufa,1982,42
Coccidula rufa,1983,73
Coccidula rufa,1984,59
Coccidula rufa,1985,53
Coccidula rufa,1986,39
Coccidula rufa,1987,50
Coccidula rufa,1988,66
Coccidula rufa,1989,54
Coccidula rufa,1990,44
Coccidula rufa,1991,154
Coccidula rufa,1992,122
Coccidula rufa,1993,64
Coccidula rufa,1994,63
Coccidula rufa,1995,48
Coccidula rufa,1996,49
Coccidula rufa,1997,70
Coccidula rufa,1998,58
Coccidula rufa,1999,115
Coccidula rufa,2000,147
Coccidula rufa,2001,52
Coccidula rufa,2002,107
Coccidula rufa,2003,108
Coccidula rufa,2004,85
Coccidula rufa,2005,92
Coccidula rufa,2006,112
Coccidula rufa,2007,49
Coccidula rufa,2008,41
Coccidula rufa,2009,90
Coccidula rufa,2010,29
Coccidula rufa,2011,14
Coccidula rufa,2012,7
Coccidula rufa,2013,3
Coccidula rufa,2014,5
Coccidula rufa,2015,19
Coccidula rufa,2016,29
Coccidula rufa,2017,15
Coccidula rufa,2018,29
Coccidula rufa,2019,48
Coccidula rufa,2020,25
Coccidula scutellata,1900,3
Coccidula scutellata,1902,1
Coccidula scutellata,1903,2
Coccidula scutellata,1905,1
Coccidula scutellata,1926,1
Coccidula scutellata,1944,1
Coccidula scutellata,1945,1
Coccidula scutellata,1955,2
Coccidula scutellata,1956,1
Coccidula scutellata,1957,2
Coccidula scutellata,1960,1
Coccidula scutellata,1961,1
Coccidula scutellata,1962,2
Coccidula scutellata,1965,1
Coccidula scutellata,1966,4
Coccidula scutellata,1969,1
Coccidula scutellata,1972,2
Coccidula scutellata,1973,1
Coccidula scutellata,1974,1
Coccidula scutellata,1975,3
Coccidula scutellata,1976,1
Coccidula scutellata,1977,5
Coccidula scutellata,1978,4
Coccidula scutellata,1979,3
Coccidula scutellata,1980,3
Coccidula scutellata,1981,2
Coccidula scutellata,1982,4
Coccidula scutellata,1983,4
Coccidula scutellata,1984,15
Coccidula scutellata,1985,4
Coccidula scutellata,1986,12
Coccidula scutellata,1987,1
Coccidula scutellata,1988,2
Coccidula scutellata,1989,4
Coccidula scutellata,1990,3
Coccidula scutellata,1991,4
Coccidula scutellata,1992,18
Coccidula scutellata,1993,8
Coccidula scutellata,1994,6
Coccidula scutellata,1995,5
Coccidula scutellata,1997,6
Coccidula scutellata,1998,2
Coccidula scutellata,1999,11
Coccidula scutellata,2000,11
Coccidula scutellata,2001,14
Coccidula scutellata,2002,6
Coccidula scutellata,2003,10
Coccidula scutellata,2004,6
Coccidula scutellata,2005,10
Coccidula scutellata,2006,6
Coccidula scutellata,2007,5
Coccidula scutellata,2008,2
Coccidula scutellata,2009,9
Coccidula scutellata,2013,1
Coccidula scutellata,2014,8
Coccidula scutellata,2015,4
Coccidula scutellata,2016,4
Coccidula scutellata,2017,4
Coccidula scutellata,2018,5
Coccidula scutellata,2019,12
Coccidula scutellata,2020,3
Coccinella hieroglyphica,1600,1
Coccinella hieroglyphica,1894,1
Coccinella hieroglyphica,1895,1
Coccinella hieroglyphica,1896,1
Coccinella hieroglyphica,1897,1
Coccinella hieroglyphica,1898,1
Coccinella hieroglyphica,1899,2
Coccinella hieroglyphica,1900,5
Coccinella hieroglyphica,1901,1
Coccinella hieroglyphica,1902,1
Coccinella hieroglyphica,1904,1
Coccinella hieroglyphica,1913,4
Coccinella hieroglyphica,1915,1
Coccinella hieroglyphica,1919,1
Coccinella hieroglyphica,1920,3
Coccinella hieroglyphica,1923,1
Coccinella hieroglyphica,1924,1
Coccinella hieroglyphica,1931,2
Coccinella hieroglyphica,1935,1
Coccinella hieroglyphica,1936,1
Coccinella hieroglyphica,1937,1
Coccinella hieroglyphica,1939,1
Coccinella hieroglyphica,1944,1
Coccinella hieroglyphica,1945,1
Coccinella hieroglyphica,1946,1
Coccinella hieroglyphica,1947,1
Coccinella hieroglyphica,1953,2
Coccinella hieroglyphica,1956,2
Coccinella hieroglyphica,1958,1
Coccinella hieroglyphica,1959,2
Coccinella hieroglyphica,1960,1
Coccinella hieroglyphica,1965,2
Coccinella hieroglyphica,1966,2
Coccinella hieroglyphica,1968,1
Coccinella hieroglyphica,1969,5
Coccinella hieroglyphica,1970,5
Coccinella hieroglyphica,1971,1
Coccinella hieroglyphica,1973,1
Coccinella hieroglyphica,1974,1
Coccinella hieroglyphica,1975,1
Coccinella hieroglyphica,1976,6
Coccinella hieroglyphica,1980,7
Coccinella hieroglyphica,1981,2
Coccinella hieroglyphica,1982,3
Coccinella hieroglyphica,1983,6
Coccinella hieroglyphica,1984,12
Coccinella hieroglyphica,1985,9
Coccinella hieroglyphica,1986,8
Coccinella hieroglyphica,1987,11
Coccinella hieroglyphica,1988,25
Coccinella hieroglyphica,1989,28
Coccinella hieroglyphica,1990,9
Coccinella hieroglyphica,1991,10
Coccinella hieroglyphica,1992,15
Coccinella hieroglyphica,1993,12
Coccinella hieroglyphica,1994,11
Coccinella hieroglyphica,1995,20
Coccinella hieroglyphica,1996,3
Coccinella hieroglyphica,1997,4
Coccinella hieroglyphica,1999,10
Coccinella hieroglyphica,2000,17
Coccinella hieroglyphica,2001,15
Coccinella hieroglyphica,2002,7
Coccinella hieroglyphica,2003,7
Coccinella hieroglyphica,2004,12
Coccinella hieroglyphica,2005,22
Coccinella hieroglyphica,2006,12
Coccinella hieroglyphica,2007,5
Coccinella hieroglyphica,2008,2
Coccinella hieroglyphica,2009,23
Coccinella hieroglyphica,2010,4
Coccinella hieroglyphica,2011,2
Coccinella hieroglyphica,2013,6
Coccinella hieroglyphica,2014,12
Coccinella hieroglyphica,2015,19
Coccinella hieroglyphica,2016,6
Coccinella hieroglyphica,2017,5
Coccinella hieroglyphica,2018,15
Coccinella hieroglyphica,2019,37
Coccinella hieroglyphica,2020,20
Coccinella magnifica,1851,4
Coccinella magnifica,1938,1
Coccinella magnifica,1949,1
Coccinella magnifica,1966,1
Coccinella magnifica,1971,3
Coccinella magnifica,1973,2
Coccinella magnifica,1974,2
Coccinella magnifica,1976,1
Coccinella magnifica,1977,3
Coccinella magnifica,1984,1
Coccinella magnifica,1985,1
Coccinella magnifica,1986,2
Coccinella magnifica,1987,2
Coccinella magnifica,1988,5
Coccinella magnifica,1989,8
Coccinella magnifica,1990,5
Coccinella magnifica,1991,1
Coccinella magnifica,1992,2
Coccinella magnifica,1993,2
Coccinella magnifica,1994,1
Coccinella magnifica,1995,1
Coccinella magnifica,1996,5
Coccinella magnifica,1997,8
Coccinella magnifica,1998,8
Coccinella magnifica,1999,3
Coccinella magnifica,2000,1
Coccinella magnifica,2002,3
Coccinella magnifica,2003,2
Coccinella magnifica,2004,5
Coccinella magnifica,2005,15
Coccinella magnifica,2006,7
Coccinella magnifica,2007,7
Coccinella magnifica,2008,8
Coccinella magnifica,2009,21
Coccinella magnifica,2010,7
Coccinella magnifica,2011,6
Coccinella magnifica,2012,1
Coccinella magnifica,2013,4
Coccinella magnifica,2014,2
Coccinella magnifica,2015,7
Coccinella magnifica,2016,16
Coccinella magnifica,2017,14
Coccinella magnifica,2018,6
Coccinella magnifica,2019,11
Coccinella magnifica,2020,8
Coccinella quinquepunctata,1832,1
Coccinella quinquepunctata,1912,1
Coccinella quinquepunctata,1913,1
Coccinella quinquepunctata,1935,2
Coccinella quinquepunctata,1938,1
Coccinella quinquepunctata,1941,1
Coccinella quinquepunctata,1953,1
Coccinella quinquepunctata,1986,1
Coccinella quinquepunctata,1987,43
Coccinella quinquepunctata,1989,9
Coccinella quinquepunctata,1990,5
Coccinella quinquepunctata,1991,5
Coccinella quinquepunctata,1992,1
Coccinella quinquepunctata,1993,1
Coccinella quinquepunctata,1994,1
Coccinella quinquepunctata,1995,2
Coccinella quinquepunctata,1996,1
Coccinella quinquepunctata,1997,6
Coccinella quinquepunctata,1999,6
Coccinella quinquepunctata,2000,1
Coccinella quinquepunctata,2002,3
Coccinella quinquepunctata,2004,8
Coccinella quinquepunctata,2005,5
Coccinella quinquepunctata,2006,8
Coccinella quinquepunctata,2007,4
Coccinella quinquepunctata,2008,4
Coccinella quinquepunctata,2010,21
Coccinella quinquepunctata,2011,2
Coccinella quinquepunctata,2013,1
Coccinella quinquepunctata,2014,5
Coccinella quinquepunctata,2015,2
Coccinella quinquepunctata,2016,19
Coccinella quinquepunctata,2017,5
Coccinella quinquepunctata,2018,15
Coccinella quinquepunctata,2019,3
Coccinella quinquepunctata,2020,8
Coccinella septempunctata,1600,2
Coccinella septempunctata,1834,2
Coccinella septempunctata,1848,2
Coccinella septempunctata,1880,1
Coccinella septempunctata,1888,1
Coccinella septempunctata,1891,2
Coccinella septempunctata,1892,1
Coccinella septempunctata,1893,1
Coccinella septempunctata,1894,1
Coccinella septempunctata,1895,1
Coccinella septempunctata,1897,4
Coccinella septempunctata,1898,1
Coccinella septempunctata,1899,1
Coccinella septempunctata,1900,2
Coccinella septempunctata,1901,1
Coccinella septempunctata,1902,2
Coccinella septempunctata,1904,1
Coccinella septempunctata,1905,10
Coccinella septempunctata,1906,3
Coccinella septempunctata,1907,2
Coccinella septempunctata,1908,1
Coccinella septempunctata,1909,1
Coccinella septempunctata,1914,2
Coccinella septempunctata,1917,2
Coccinella septempunctata,1920,2
Coccinella septempunctata,1922,3
Coccinella septempunctata,1923,1
Coccinella septempunctata,1924,4
Coccinella septempunctata,1925,2
Coccinella septempunctata,1929,2
Coccinella septempunctata,1930,2
Coccinella septempunctata,1931,7
Coccinella septempunctata,1933,2
Coccinella septempunctata,1934,2
Coccinella septempunctata,1938,4
Coccinella septempunctata,1939,1
Coccinella septempunctata,1940,4
Coccinella septempunctata,1942,1
Coccinella septempunctata,1943,5
Coccinella septempunctata,1944,3
Coccinella septempunctata,1945,2
Coccinella septempunctata,1946,4
Coccinella septempunctata,1950,1
Coccinella septempunctata,1951,3
Coccinella septempunctata,1952,3
Coccinella septempunctata,1954,1
Coccinella septempunctata,1955,1
Coccinella septempunctata,1956,10
Coccinella septempunctata,1957,1
Coccinella septempunctata,1958,3
Coccinella septempunctata,1959,5
Coccinella septempunctata,1960,4
Coccinella septempunctata,1961,8
Coccinella septempunctata,1962,3
Coccinella septempunctata,1963,2
Coccinella septempunctata,1964,3
Coccinella septempunctata,1965,7
Coccinella septempunctata,1966,4
Coccinella septempunctata,1967,3
Coccinella septempunctata,1968,5
Coccinella septempunctata,1969,5
Coccinella septempunctata,1970,15
Coccinella septempunctata,1971,18
Coccinella septempunctata,1972,57
Coccinella septempunctata,1973,37
Coccinella septempunctata,1974,23
Coccinella septempunctata,1975,62
Coccinella septempunctata,1976,108
Coccinella septempunctata,1977,230
Coccinella septempunctata,1978,151
Coccinella septempunctata,1979,92
Coccinella septempunctata,1980,141
Coccinella septempunctata,1981,85
Coccinella septempunctata,1982,116
Coccinella septempunctata,1983,173
Coccinella septempunctata,1984,276
Coccinella septempunctata,1985,265
Coccinella septempunctata,1986,116
Coccinella septempunctata,1987,121
Coccinella septempunctata,1988,345
Coccinella septempunctata,1989,924
Coccinella septempunctata,1990,665
Coccinella septempunctata,1991,495
Coccinella septempunctata,1992,626
Coccinella septempunctata,1993,580
Coccinella septempunctata,1994,612
Coccinella septempunctata,1995,918
Coccinella septempunctata,1996,725
Coccinella septempunctata,1997,624
Coccinella septempunctata,1998,467
Coccinella septempunctata,1999,548
Coccinella septempunctata,2000,725
Coccinella septempunctata,2001,1208
Coccinella septempunctata,2002,1751
Coccinella septempunctata,2003,891
Coccinella septempunctata,2004,1566
Coccinella septempunctata,2005,2784
Coccinella septempunctata,2006,2317
Coccinella septempunctata,2007,2103
Coccinella septempunctata,2008,764
Coccinella septempunctata,2009,1786
Coccinella septempunctata,2010,1533
Coccinella septempunctata,2011,518
Coccinella septempunctata,2012,255
Coccinella septempunctata,2013,1892
Coccinella septempunctata,2014,2838
Coccinella septempunctata,2015,2686
Coccinella septempunctata,2016,2280
Coccinella septempunctata,2017,1998
Coccinella septempunctata,2018,3005
Coccinella septempunctata,2019,4433
Coccinella septempunctata,2020,3695
Coccinella undecimpunctata,1600,1
Coccinella undecimpunctata,1836,1
Coccinella undecimpunctata,1878,2
Coccinella undecimpunctata,1884,1
Coccinella undecimpunctata,1885,1
Coccinella undecimpunctata,1891,1
Coccinella undecimpunctata,1892,1
Coccinella undecimpunctata,1893,4
Coccinella undecimpunctata,1894,2
Coccinella undecimpunctata,1895,1
Coccinella undecimpunctata,1897,6
Coccinella undecimpunctata,1898,1
Coccinella undecimpunctata,1900,3
Coccinella undecimpunctata,1901,1
Coccinella undecimpunctata,1902,1
Coccinella undecimpunctata,1904,2
Coccinella undecimpunctata,1905,1
Coccinella undecimpunctata,1906,1
Coccinella undecimpunctata,1907,1
Coccinella undecimpunctata,1908,2
Coccinella undecimpunctata,1909,1
Coccinella undecimpunctata,1910,1
Coccinella undecimpunctata,1911,4
Coccinella undecimpunctata,1913,1
Coccinella undecimpunctata,1916,2
Coccinella undecimpunctata,1919,2
Coccinella undecimpunctata,1920,5
Coccinella undecimpunctata,1921,1
Coccinella undecimpunctata,1924,1
Coccinella undecimpunctata,1925,4
Coccinella undecimpunctata,1926,2
Coccinella undecimpunctata,1930,3
Coccinella undecimpunctata,1931,2
Coccinella undecimpunctata,1934,3
Coccinella undecimpunctata,1935,2
Coccinella undecimpunctata,1937,2
Coccinella undecimpunctata,1938,3
Coccinella undecimpunctata,1939,1
Coccinella undecimpunctata,1940,3
Coccinella undecimpunctata,1942,1
Coccinella undecimpunctata,1943,3
Coccinella undecimpunctata,1945,1
Coccinella undecimpunctata,1949,1
Coccinella undecimpunctata,1950,3
Coccinella undecimpunctata,1953,3
Coccinella undecimpunctata,1954,2
Coccinella undecimpunctata,1955,4
Coccinella undecimpunctata,1956,6
Coccinella undecimpunctata,1958,3
Coccinella undecimpunctata,1959,2
Coccinella undecimpunctata,1960,3
Coccinella undecimpunctata,1961,4
Coccinella undecimpunctata,1962,2
Coccinella undecimpunctata,1964,3
Coccinella undecimpunctata,1968,6
Coccinella undecimpunctata,1969,7
Coccinella undecimpunctata,1970,11
Coccinella undecimpunctata,1971,9
Coccinella undecimpunctata,1972,2
Coccinella undecimpunctata,1973,8
Coccinella undecimpunctata,1974,3
Coccinella undecimpunctata,1975,19
Coccinella undecimpunctata,1976,66
Coccinella undecimpunctata,1977,62
Coccinella undecimpunctata,1978,39
Coccinella undecimpunctata,1979,28
Coccinella undecimpunctata,1980,17
Coccinella undecimpunctata,1981,10
Coccinella undecimpunctata,1982,24
Coccinella undecimpunctata,1983,47
Coccinella undecimpunctata,1984,43
Coccinella undecimpunctata,1985,28
Coccinella undecimpunctata,1986,11
Coccinella undecimpunctata,1987,18
Coccinella undecimpunctata,1988,36
Coccinella undecimpunctata,1989,95
Coccinella undecimpunctata,1990,65
Coccinella undecimpunctata,1991,34
Coccinella undecimpunctata,1992,45
Coccinella undecimpunctata,1993,36
Coccinella undecimpunctata,1994,39
Coccinella undecimpunctata,1995,103
Coccinella undecimpunctata,1996,68
Coccinella undecimpunctata,1997,36
Coccinella undecimpunctata,1998,28
Coccinella undecimpunctata,1999,41
Coccinella undecimpunctata,2000,37
Coccinella undecimpunctata,2001,58
Coccinella undecimpunctata,2002,110
Coccinella undecimpunctata,2003,35
Coccinella undecimpunctata,2004,36
Coccinella undecimpunctata,2005,48
Coccinella undecimpunctata,2006,27
Coccinella undecimpunctata,2007,24
Coccinella undecimpunctata,2008,16
Coccinella undecimpunctata,2009,85
Coccinella undecimpunctata,2010,57
Coccinella undecimpunctata,2011,10
Coccinella undecimpunctata,2012,4
Coccinella undecimpunctata,2013,33
Coccinella undecimpunctata,2014,58
Coccinella undecimpunctata,2015,60
Coccinella undecimpunctata,2016,51
Coccinella undecimpunctata,2017,50
Coccinella undecimpunctata,2018,76
Coccinella undecimpunctata,2019,85
Coccinella undecimpunctata,2020,42
Cryptolaemus montrouzieri,2007,1
Cryptolaemus montrouzieri,2014,1
Cryptolaemus montrouzieri,2018,1
Cryptolaemus montrouzieri,2020,1
Exochomus nigromaculatus,1967,2
Exochomus quadripustulatus,1848,2
Exochomus quadripustulatus,1860,2
Exochomus quadripustulatus,1890,1
Exochomus quadripustulatus,1892,1
Exochomus quadripustulatus,1897,3
Exochomus quadripustulatus,1899,2
Exochomus quadripustulatus,1901,1
Exochomus quadripustulatus,1908,1
Exochomus quadripustulatus,1914,2
Exochomus quadripustulatus,1916,2
Exochomus quadripustulatus,1919,2
Exochomus quadripustulatus,1920,3
Exochomus quadripustulatus,1922,3
Exochomus quadripustulatus,1923,6
Exochomus quadripustulatus,1927,1
Exochomus quadripustulatus,1939,2
Exochomus quadripustulatus,1942,2
Exochomus quadripustulatus,1945,2
Exochomus quadripustulatus,1950,1
Exochomus quadripustulatus,1958,2
Exochomus quadripustulatus,1959,2
Exochomus quadripustulatus,1970,3
Exochomus quadripustulatus,1971,6
Exochomus quadripustulatus,1972,2
Exochomus quadripustulatus,1973,4
Exochomus quadripustulatus,1974,6
Exochomus quadripustulatus,1975,8
Exochomus quadripustulatus,1976,6
Exochomus quadripustulatus,1977,15
Exochomus quadripustulatus,1978,12
Exochomus quadripustulatus,1979,11
Exochomus quadripustulatus,1980,4
Exochomus quadripustulatus,1981,8
Exochomus quadripustulatus,1982,7
Exochomus quadripustulatus,1983,11
Exochomus quadripustulatus,1984,19
Exochomus quadripustulatus,1985,17
Exochomus quadripustulatus,1986,12
Exochomus quadripustulatus,1987,19
Exochomus quadripustulatus,1988,16
Exochomus quadripustulatus,1989,58
Exochomus quadripustulatus,1990,62
Exochomus quadripustulatus,1991,55
Exochomus quadripustulatus,1992,68
Exochomus quadripustulatus,1993,76
Exochomus quadripustulatus,1994,46
Exochomus quadripustulatus,1995,70
Exochomus quadripustulatus,1996,95
Exochomus quadripustulatus,1997,56
Exochomus quadripustulatus,1998,47
Exochomus quadripustulatus,1999,125
Exochomus quadripustulatus,2000,171
Exochomus quadripustulatus,2001,433
Exochomus quadripustulatus,2002,510
Exochomus quadripustulatus,2003,523
Exochomus quadripustulatus,2004,496
Exochomus quadripustulatus,2005,717
Exochomus quadripustulatus,2006,661
Exochomus quadripustulatus,2007,538
Exochomus quadripustulatus,2008,234
Exochomus quadripustulatus,2009,206
Exochomus quadripustulatus,2010,124
Exochomus quadripustulatus,2011,70
Exochomus quadripustulatus,2012,25
Exochomus quadripustulatus,2013,44
Exochomus quadripustulatus,2014,103
Exochomus quadripustulatus,2015,167
Exochomus quadripustulatus,2016,160
Exochomus quadripustulatus,2017,123
Exochomus quadripustulatus,2018,131
Exochomus quadripustulatus,2019,380
Exochomus quadripustulatus,2020,376
Halyzia sedecimguttata,1870,1
Halyzia sedecimguttata,1892,2
Halyzia sedecimguttata,1894,2
Halyzia sedecimguttata,1895,1
Halyzia sedecimguttata,1896,1
Halyzia sedecimguttata,1897,2
Halyzia sedecimguttata,1898,1
Halyzia sedecimguttata,1900,6
Halyzia sedecimguttata,1902,2
Halyzia sedecimguttata,1907,1
Halyzia sedecimguttata,1911,1
Halyzia sedecimguttata,1913,1
Halyzia sedecimguttata,1915,2
Halyzia sedecimguttata,1917,1
Halyzia sedecimguttata,1919,1
Halyzia sedecimguttata,1920,4
Halyzia sedecimguttata,1922,1
Halyzia sedecimguttata,1935,1
Halyzia sedecimguttata,1938,2
Halyzia sedecimguttata,1940,1
Halyzia sedecimguttata,1950,1
Halyzia sedecimguttata,1955,2
Halyzia sedecimguttata,1958,1
Halyzia sedecimguttata,1960,1
Halyzia sedecimguttata,1961,1
Halyzia sedecimguttata,1962,1
Halyzia sedecimguttata,1970,1
Halyzia sedecimguttata,1973,3
Halyzia sedecimguttata,1974,2
Halyzia sedecimguttata,1976,1
Halyzia sedecimguttata,1977,6
Halyzia sedecimguttata,1981,1
Halyzia sedecimguttata,1983,13
Halyzia sedecimguttata,1984,3
Halyzia sedecimguttata,1985,9
Halyzia sedecimguttata,1986,2
Halyzia sedecimguttata,1987,4
Halyzia sedecimguttata,1988,11
Halyzia sedecimguttata,1989,54
Halyzia sedecimguttata,1990,48
Halyzia sedecimguttata,1991,50
Halyzia sedecimguttata,1992,65
Halyzia sedecimguttata,1993,39
Halyzia sedecimguttata,1994,29
Halyzia sedecimguttata,1995,32
Halyzia sedecimguttata,1996,37
Halyzia sedecimguttata,1997,29
Halyzia sedecimguttata,1998,69
Halyzia sedecimguttata,1999,124
Halyzia sedecimguttata,2000,254
Halyzia sedecimguttata,2001,277
Halyzia sedecimguttata,2002,278
Halyzia sedecimguttata,2003,228
Halyzia sedecimguttata,2004,563
Halyzia sedecimguttata,2005,626
Halyzia sedecimguttata,2006,591
Halyzia sedecimguttata,2007,412
Halyzia sedecimguttata,2008,259
Halyzia sedecimguttata,2009,233
Halyzia sedecimguttata,2010,238
Halyzia sedecimguttata,2011,35
Halyzia sedecimguttata,2012,21
Halyzia sedecimguttata,2013,205
Halyzia sedecimguttata,2014,235
Halyzia sedecimguttata,2015,299
Halyzia sedecimguttata,2016,357
Halyzia sedecimguttata,2017,481
Halyzia sedecimguttata,2018,415
Halyzia sedecimguttata,2019,290
Halyzia sedecimguttata,2020,214
Harmonia axyridis,2002,1
Harmonia axyridis,2003,4
Harmonia axyridis,2004,212
Harmonia axyridis,2005,2146
Harmonia axyridis,2006,5082
Harmonia axyridis,2007,8980
Harmonia axyridis,2008,4162
Harmonia axyridis,2009,3267
Harmonia axyridis,2010,2032
Harmonia axyridis,2011,370
Harmonia axyridis,2012,139
Harmonia axyridis,2013,3531
Harmonia axyridis,2014,5901
Harmonia axyridis,2015,4452
Harmonia axyridis,2016,4069
Harmonia axyridis,2017,3945
Harmonia axyridis,2018,2589
Harmonia axyridis,2019,2351
Harmonia axyridis,2020,1475
Harmonia axyridis form conspicua,2009,1
Harmonia axyridis form conspicua,2012,2
Harmonia axyridis form conspicua,2013,31
Harmonia axyridis form conspicua,2014,60
Harmonia axyridis form conspicua,2015,31
Harmonia axyridis form conspicua,2016,42
Harmonia axyridis form conspicua,2017,72
Harmonia axyridis form conspicua,2018,146
Harmonia axyridis form conspicua,2019,64
Harmonia axyridis form conspicua,2020,67
Harmonia axyridis form spectabilis,2008,1
Harmonia axyridis form spectabilis,2011,1
Harmonia axyridis form spectabilis,2012,2
Harmonia axyridis form spectabilis,2013,50
Harmonia axyridis form spectabilis,2014,66
Harmonia axyridis form spectabilis,2015,213
Harmonia axyridis form spectabilis,2016,394
Harmonia axyridis form spectabilis,2017,369
Harmonia axyridis form spectabilis,2018,470
Harmonia axyridis form spectabilis,2019,119
Harmonia axyridis form spectabilis,2020,129
Harmonia axyridis form succinea,2008,1
Harmonia axyridis form succinea,2009,1
Harmonia axyridis form succinea,2011,3
Harmonia axyridis form succinea,2012,15
Harmonia axyridis form succinea,2013,241
Harmonia axyridis form succinea,2014,358
Harmonia axyridis form succinea,2015,125
Harmonia axyridis form succinea,2016,236
Harmonia axyridis form succinea,2017,366
Harmonia axyridis form succinea,2018,498
Harmonia axyridis form succinea,2019,339
Harmonia axyridis form succinea,2020,364
Harmonia quadripunctata,1946,4
Harmonia quadripunctata,1953,3
Harmonia quadripunctata,1955,2
Harmonia quadripunctata,1958,5
Harmonia quadripunctata,1959,2
Harmonia quadripunctata,1961,2
Harmonia quadripunctata,1966,1
Harmonia quadripunctata,1967,3
Harmonia quadripunctata,1968,2
Harmonia quadripunctata,1969,6
Harmonia quadripunctata,1970,1
Harmonia quadripunctata,1971,11
Harmonia quadripunctata,1972,2
Harmonia quadripunctata,1974,1
Harmonia quadripunctata,1976,10
Harmonia quadripunctata,1977,3
Harmonia quadripunctata,1978,2
Harmonia quadripunctata,1979,3
Harmonia quadripunctata,1980,4
Harmonia quadripunctata,1981,9
Harmonia quadripunctata,1982,4
Harmonia quadripunctata,1983,11
Harmonia quadripunctata,1984,12
Harmonia quadripunctata,1985,8
Harmonia quadripunctata,1986,2
Harmonia quadripunctata,1987,1
Harmonia quadripunctata,1988,7
Harmonia quadripunctata,1989,6
Harmonia quadripunctata,1990,22
Harmonia quadripunctata,1991,13
Harmonia quadripunctata,1992,4
Harmonia quadripunctata,1993,3
Harmonia quadripunctata,1994,14
Harmonia quadripunctata,1995,26
Harmonia quadripunctata,1996,27
Harmonia quadripunctata,1997,16
Harmonia quadripunctata,1998,6
Harmonia quadripunctata,1999,14
Harmonia quadripunctata,2000,31
Harmonia quadripunctata,2001,30
Harmonia quadripunctata,2002,36
Harmonia quadripunctata,2003,51
Harmonia quadripunctata,2004,69
Harmonia quadripunctata,2005,87
Harmonia quadripunctata,2006,145
Harmonia quadripunctata,2007,94
Harmonia quadripunctata,2008,18
Harmonia quadripunctata,2009,31
Harmonia quadripunctata,2010,23
Harmonia quadripunctata,2011,8
Harmonia quadripunctata,2012,2
Harmonia quadripunctata,2013,21
Harmonia quadripunctata,2014,27
Harmonia quadripunctata,2015,38
Harmonia quadripunctata,2016,37
Harmonia quadripunctata,2017,40
Harmonia quadripunctata,2018,35
Harmonia quadripunctata,2019,82
Harmonia quadripunctata,2020,73
Henosepilachna argus,1997,1
Henosepilachna argus,1998,5
Henosepilachna argus,1999,7
Henosepilachna argus,2000,30
Henosepilachna argus,2001,16
Henosepilachna argus,2002,22
Henosepilachna argus,2003,7
Henosepilachna argus,2004,17
Henosepilachna argus,2005,4
Henosepilachna argus,2006,3
Henosepilachna argus,2007,6
Henosepilachna argus,2008,10
Henosepilachna argus,2009,13
Henosepilachna argus,2010,7
Henosepilachna argus,2011,2
Henosepilachna argus,2013,1
Henosepilachna argus,2014,16
Henosepilachna argus,2015,6
Henosepilachna argus,2016,13
Henosepilachna argus,2017,12
Henosepilachna argus,2018,11
Henosepilachna argus,2019,46
Henosepilachna argus,2020,34
Hippodamia tredecimpunctata,1854,2
Hippodamia tredecimpunctata,1855,2
Hippodamia tredecimpunctata,1885,2
Hippodamia tredecimpunctata,1888,4
Hippodamia tredecimpunctata,1893,1
Hippodamia tredecimpunctata,1894,1
Hippodamia tredecimpunctata,1897,5
Hippodamia tredecimpunctata,1898,3
Hippodamia tredecimpunctata,1902,2
Hippodamia tredecimpunctata,1911,3
Hippodamia tredecimpunctata,1927,1
Hippodamia tredecimpunctata,1938,1
Hippodamia tredecimpunctata,1980,1
Hippodamia tredecimpunctata,1988,2
Hippodamia tredecimpunctata,2002,2
Hippodamia tredecimpunctata,2003,4
Hippodamia tredecimpunctata,2004,5
Hippodamia tredecimpunctata,2005,1
Hippodamia tredecimpunctata,2006,2
Hippodamia tredecimpunctata,2008,2
Hippodamia tredecimpunctata,2009,3
Hippodamia tredecimpunctata,2010,2
Hippodamia tredecimpunctata,2011,4
Hippodamia tredecimpunctata,2013,2
Hippodamia tredecimpunctata,2014,2
Hippodamia tredecimpunctata,2015,5
Hippodamia tredecimpunctata,2017,3
Hippodamia tredecimpunctata,2018,1
Hippodamia variegata,1855,1
Hippodamia variegata,1886,2
Hippodamia variegata,1890,1
Hippodamia variegata,1892,1
Hippodamia variegata,1893,2
Hippodamia variegata,1896,1
Hippodamia variegata,1920,1
Hippodamia variegata,1935,2
Hippodamia variegata,1937,1
Hippodamia variegata,1941,2
Hippodamia variegata,1942,2
Hippodamia variegata,1945,1
Hippodamia variegata,1949,1
Hippodamia variegata,1953,1
Hippodamia variegata,1957,1
Hippodamia variegata,1958,1
Hippodamia variegata,1960,2
Hippodamia variegata,1961,1
Hippodamia variegata,1962,1
Hippodamia variegata,1965,2
Hippodamia variegata,1968,2
Hippodamia variegata,1971,1
Hippodamia variegata,1972,2
Hippodamia variegata,1975,1
Hippodamia variegata,1976,4
Hippodamia variegata,1977,3
Hippodamia variegata,1981,1
Hippodamia variegata,1982,3
Hippodamia variegata,1983,3
Hippodamia variegata,1984,5
Hippodamia variegata,1985,2
Hippodamia variegata,1986,3
Hippodamia variegata,1987,14
Hippodamia variegata,1988,6
Hippodamia variegata,1989,12
Hippodamia variegata,1990,25
Hippodamia variegata,1991,5
Hippodamia variegata,1992,17
Hippodamia variegata,1993,15
Hippodamia variegata,1994,28
Hippodamia variegata,1995,61
Hippodamia variegata,1996,19
Hippodamia variegata,1997,16
Hippodamia variegata,1998,9
Hippodamia variegata,1999,30
Hippodamia variegata,2000,33
Hippodamia variegata,2001,31
Hippodamia variegata,2002,36
Hippodamia variegata,2003,80
Hippodamia variegata,2004,78
Hippodamia variegata,2005,52
Hippodamia variegata,2006,92
Hippodamia variegata,2007,37
Hippodamia variegata,2008,42
Hippodamia variegata,2009,106
Hippodamia variegata,2010,40
Hippodamia variegata,2011,25
Hippodamia variegata,2012,2
Hippodamia variegata,2013,28
Hippodamia variegata,2014,25
Hippodamia variegata,2015,73
Hippodamia variegata,2016,35
Hippodamia variegata,2017,53
Hippodamia variegata,2018,86
Hippodamia variegata,2019,71
Hippodamia variegata,2020,63
Hyperaspis pseudopustulata,1600,1
Hyperaspis pseudopustulata,1848,4
Hyperaspis pseudopustulata,1895,1
Hyperaspis pseudopustulata,1899,1
Hyperaspis pseudopustulata,1900,1
Hyperaspis pseudopustulata,1902,1
Hyperaspis pseudopustulata,1903,1
Hyperaspis pseudopustulata,1915,1
Hyperaspis pseudopustulata,1916,1
Hyperaspis pseudopustulata,1920,1
Hyperaspis pseudopustulata,1923,2
Hyperaspis pseudopustulata,1936,1
Hyperaspis pseudopustulata,1945,1
Hyperaspis pseudopustulata,1960,1
Hyperaspis pseudopustulata,1971,1
Hyperaspis pseudopustulata,1974,2
Hyperaspis pseudopustulata,1975,1
Hyperaspis pseudopustulata,1976,1
Hyperaspis pseudopustulata,1978,1
Hyperaspis pseudopustulata,1980,2
Hyperaspis pseudopustulata,1982,1
Hyperaspis pseudopustulata,1983,2
Hyperaspis pseudopustulata,1984,1
Hyperaspis pseudopustulata,1988,7
Hyperaspis pseudopustulata,1989,7
Hyperaspis pseudopustulata,1990,4
Hyperaspis pseudopustulata,1991,1
Hyperaspis pseudopustulata,1992,2
Hyperaspis pseudopustulata,1993,1
Hyperaspis pseudopustulata,1994,2
Hyperaspis pseudopustulata,1996,1
Hyperaspis pseudopustulata,1998,1
Hyperaspis pseudopustulata,1999,1
Hyperaspis pseudopustulata,2000,2
Hyperaspis pseudopustulata,2001,1
Hyperaspis pseudopustulata,2002,1
Hyperaspis pseudopustulata,2004,5
Hyperaspis pseudopustulata,2005,3
Hyperaspis pseudopustulata,2006,1
Hyperaspis pseudopustulata,2008,1
Hyperaspis pseudopustulata,2010,4
Hyperaspis pseudopustulata,2012,2
Hyperaspis pseudopustulata,2015,1
Hyperaspis pseudopustulata,2017,1
Hyperaspis pseudopustulata,2018,2
Hyperaspis pseudopustulata,2019,1
Hyperaspis pseudopustulata,2020,1
Myrrha octodecimguttata,1600,3
Myrrha octodecimguttata,1830,1
Myrrha octodecimguttata,1848,2
Myrrha octodecimguttata,1860,2
Myrrha octodecimguttata,1878,1
Myrrha octodecimguttata,1888,2
Myrrha octodecimguttata,1894,1
Myrrha octodecimguttata,1895,1
Myrrha octodecimguttata,1897,1
Myrrha octodecimguttata,1900,3
Myrrha octodecimguttata,1901,1
Myrrha octodecimguttata,1902,1
Myrrha octodecimguttata,1903,2
Myrrha octodecimguttata,1905,1
Myrrha octodecimguttata,1906,1
Myrrha octodecimguttata,1908,1
Myrrha octodecimguttata,1912,1
Myrrha octodecimguttata,1920,1
Myrrha octodecimguttata,1921,1
Myrrha octodecimguttata,1924,1
Myrrha octodecimguttata,1930,3
Myrrha octodecimguttata,1935,1
Myrrha octodecimguttata,1936,1
Myrrha octodecimguttata,1939,1
Myrrha octodecimguttata,1940,1
Myrrha octodecimguttata,1941,2
Myrrha octodecimguttata,1943,1
Myrrha octodecimguttata,1945,2
Myrrha octodecimguttata,1946,1
Myrrha octodecimguttata,1951,1
Myrrha octodecimguttata,1954,2
Myrrha octodecimguttata,1956,1
Myrrha octodecimguttata,1958,1
Myrrha octodecimguttata,1959,3
Myrrha octodecimguttata,1964,1
Myrrha octodecimguttata,1966,1
Myrrha octodecimguttata,1968,3
Myrrha octodecimguttata,1969,2
Myrrha octodecimguttata,1970,2
Myrrha octodecimguttata,1971,4
Myrrha octodecimguttata,1972,3
Myrrha octodecimguttata,1974,1
Myrrha octodecimguttata,1975,1
Myrrha octodecimguttata,1976,4
Myrrha octodecimguttata,1977,2
Myrrha octodecimguttata,1978,1
Myrrha octodecimguttata,1979,10
Myrrha octodecimguttata,1980,3
Myrrha octodecimguttata,1981,7
Myrrha octodecimguttata,1982,4
Myrrha octodecimguttata,1983,6
Myrrha octodecimguttata,1984,1
Myrrha octodecimguttata,1985,11
Myrrha octodecimguttata,1986,4
Myrrha octodecimguttata,1987,7
Myrrha octodecimguttata,1988,2
Myrrha octodecimguttata,1989,26
Myrrha octodecimguttata,1990,13
Myrrha octodecimguttata,1991,13
Myrrha octodecimguttata,1992,7
Myrrha octodecimguttata,1993,4
Myrrha octodecimguttata,1994,7
Myrrha octodecimguttata,1995,10
Myrrha octodecimguttata,1996,9
Myrrha octodecimguttata,1997,6
Myrrha octodecimguttata,1998,6
Myrrha octodecimguttata,1999,9
Myrrha octodecimguttata,2000,12
Myrrha octodecimguttata,2001,20
Myrrha octodecimguttata,2002,12
Myrrha octodecimguttata,2003,8
Myrrha octodecimguttata,2004,22
Myrrha octodecimguttata,2005,49
Myrrha octodecimguttata,2006,44
Myrrha octodecimguttata,2007,30
Myrrha octodecimguttata,2008,11
Myrrha octodecimguttata,2009,17
Myrrha octodecimguttata,2010,12
Myrrha octodecimguttata,2011,6
Myrrha octodecimguttata,2013,6
Myrrha octodecimguttata,2014,7
Myrrha octodecimguttata,2015,13
Myrrha octodecimguttata,2016,12
Myrrha octodecimguttata,2017,18
Myrrha octodecimguttata,2018,15
Myrrha octodecimguttata,2019,46
Myrrha octodecimguttata,2020,25
Myzia oblongoguttata,1600,1
Myzia oblongoguttata,1830,1
Myzia oblongoguttata,1844,1
Myzia oblongoguttata,1848,2
Myzia oblongoguttata,1870,1
Myzia oblongoguttata,1871,1
Myzia oblongoguttata,1878,1
Myzia oblongoguttata,1888,1
Myzia oblongoguttata,1894,3
Myzia oblongoguttata,1895,1
Myzia oblongoguttata,1897,1
Myzia oblongoguttata,1898,1
Myzia oblongoguttata,1899,1
Myzia oblongoguttata,1900,1
Myzia oblongoguttata,1904,1
Myzia oblongoguttata,1906,2
Myzia oblongoguttata,1907,3
Myzia oblongoguttata,1913,1
Myzia oblongoguttata,1915,1
Myzia oblongoguttata,1916,3
Myzia oblongoguttata,1920,2
Myzia oblongoguttata,1925,3
Myzia oblongoguttata,1929,1
Myzia oblongoguttata,1930,1
Myzia oblongoguttata,1936,1
Myzia oblongoguttata,1938,1
Myzia oblongoguttata,1941,2
Myzia oblongoguttata,1945,2
Myzia oblongoguttata,1955,1
Myzia oblongoguttata,1956,3
Myzia oblongoguttata,1957,2
Myzia oblongoguttata,1958,3
Myzia oblongoguttata,1959,1
Myzia oblongoguttata,1969,2
Myzia oblongoguttata,1970,1
Myzia oblongoguttata,1971,3
Myzia oblongoguttata,1976,3
Myzia oblongoguttata,1977,10
Myzia oblongoguttata,1978,11
Myzia oblongoguttata,1979,4
Myzia oblongoguttata,1980,2
Myzia oblongoguttata,1981,6
Myzia oblongoguttata,1982,2
Myzia oblongoguttata,1983,7
Myzia oblongoguttata,1984,7
Myzia oblongoguttata,1985,3
Myzia oblongoguttata,1986,2
Myzia oblongoguttata,1987,5
Myzia oblongoguttata,1988,5
Myzia oblongoguttata,1989,14
Myzia oblongoguttata,1990,6
Myzia oblongoguttata,1991,12
Myzia oblongoguttata,1992,7
Myzia oblongoguttata,1993,4
Myzia oblongoguttata,1994,9
Myzia oblongoguttata,1995,5
Myzia oblongoguttata,1996,5
Myzia oblongoguttata,1997,7
Myzia oblongoguttata,1998,2
Myzia oblongoguttata,1999,4
Myzia oblongoguttata,2000,1
Myzia oblongoguttata,2001,1
Myzia oblongoguttata,2002,9
Myzia oblongoguttata,2003,2
Myzia oblongoguttata,2004,8
Myzia oblongoguttata,2005,18
Myzia oblongoguttata,2006,15
Myzia oblongoguttata,2007,19
Myzia oblongoguttata,2008,2
Myzia oblongoguttata,2009,13
Myzia oblongoguttata,2010,13
Myzia oblongoguttata,2011,6
Myzia oblongoguttata,2013,6
Myzia oblongoguttata,2014,8
Myzia oblongoguttata,2015,21
Myzia oblongoguttata,2016,25
Myzia oblongoguttata,2017,19
Myzia oblongoguttata,2018,24
Myzia oblongoguttata,2019,25
Myzia oblongoguttata,2020,31
Nephus bisignatus,1996,1
Nephus quadrimaculatus,1960,1
Nephus quadrimaculatus,1980,6
Nephus quadrimaculatus,1983,2
Nephus quadrimaculatus,1984,2
Nephus quadrimaculatus,1988,1
Nephus quadrimaculatus,1991,3
Nephus quadrimaculatus,1992,4
Nephus quadrimaculatus,1993,1
Nephus quadrimaculatus,1996,1
Nephus quadrimaculatus,1997,4
Nephus quadrimaculatus,1998,2
Nephus quadrimaculatus,1999,2
Nephus quadrimaculatus,2000,6
Nephus quadrimaculatus,2001,7
Nephus quadrimaculatus,2002,9
Nephus quadrimaculatus,2003,3
Nephus quadrimaculatus,2004,6
Nephus quadrimaculatus,2005,13
Nephus quadrimaculatus,2006,2
Nephus quadrimaculatus,2007,2
Nephus quadrimaculatus,2008,2
Nephus quadrimaculatus,2009,8
Nephus quadrimaculatus,2010,5
Nephus quadrimaculatus,2011,1
Nephus quadrimaculatus,2013,8
Nephus quadrimaculatus,2014,20
Nephus quadrimaculatus,2015,9
Nephus quadrimaculatus,2016,15
Nephus quadrimaculatus,2017,23
Nephus quadrimaculatus,2018,42
Nephus quadrimaculatus,2019,46
Nephus quadrimaculatus,2020,46
Nephus redtenbacheri,1888,1
Nephus redtenbacheri,1889,1
Nephus redtenbacheri,1894,1
Nephus redtenbacheri,1897,1
Nephus redtenbacheri,1899,1
Nephus redtenbacheri,1900,1
Nephus redtenbacheri,1901,1
Nephus redtenbacheri,1905,1
Nephus redtenbacheri,1910,1
Nephus redtenbacheri,1919,1
Nephus redtenbacheri,1941,2
Nephus redtenbacheri,1946,1
Nephus redtenbacheri,1949,1
Nephus redtenbacheri,1950,1
Nephus redtenbacheri,1952,1
Nephus redtenbacheri,1971,1
Nephus redtenbacheri,1973,2
Nephus redtenbacheri,1974,1
Nephus redtenbacheri,1975,2
Nephus redtenbacheri,1976,4
Nephus redtenbacheri,1977,2
Nephus redtenbacheri,1978,4
Nephus redtenbacheri,1982,1
Nephus redtenbacheri,1983,7
Nephus redtenbacheri,1984,6
Nephus redtenbacheri,1985,2
Nephus redtenbacheri,1986,5
Nephus redtenbacheri,1987,7
Nephus redtenbacheri,1988,8
Nephus redtenbacheri,1989,8
Nephus redtenbacheri,1990,10
Nephus redtenbacheri,1991,10
Nephus redtenbacheri,1992,23
Nephus redtenbacheri,1993,4
Nephus redtenbacheri,1994,5
Nephus redtenbacheri,1995,6
Nephus redtenbacheri,1996,9
Nephus redtenbacheri,1997,1
Nephus redtenbacheri,1998,6
Nephus redtenbacheri,1999,2
Nephus redtenbacheri,2000,3
Nephus redtenbacheri,2001,5
Nephus redtenbacheri,2002,5
Nephus redtenbacheri,2003,9
Nephus redtenbacheri,2004,13
Nephus redtenbacheri,2005,8
Nephus redtenbacheri,2006,6
Nephus redtenbacheri,2007,1
Nephus redtenbacheri,2008,4
Nephus redtenbacheri,2009,4
Nephus redtenbacheri,2010,1
Nephus redtenbacheri,2011,1
Nephus redtenbacheri,2013,2
Nephus redtenbacheri,2014,3
Nephus redtenbacheri,2016,3
Nephus redtenbacheri,2017,3
Nephus redtenbacheri,2018,8
Nephus redtenbacheri,2019,10
Nephus redtenbacheri,2020,2
Oenopia conglobata,2014,1
Platynaspis luteorubra,1830,1
Platynaspis luteorubra,1908,1
Platynaspis luteorubra,1921,2
Platynaspis luteorubra,1934,1
Platynaspis luteorubra,1973,1
Platynaspis luteorubra,1976,4
Platynaspis luteorubra,1982,1
Platynaspis luteorubra,1984,1
Platynaspis luteorubra,1988,2
Platynaspis luteorubra,1990,1
Platynaspis luteorubra,1991,1
Platynaspis luteorubra,1993,2
Platynaspis luteorubra,1994,4
Platynaspis luteorubra,1995,1
Platynaspis luteorubra,1997,3
Platynaspis luteorubra,1999,2
Platynaspis luteorubra,2000,7
Platynaspis luteorubra,2001,7
Platynaspis luteorubra,2002,8
Platynaspis luteorubra,2003,1
Platynaspis luteorubra,2004,2
Platynaspis luteorubra,2005,4
Platynaspis luteorubra,2006,2
Platynaspis luteorubra,2007,1
Platynaspis luteorubra,2008,7
Platynaspis luteorubra,2009,3
Platynaspis luteorubra,2010,2
Platynaspis luteorubra,2014,1
Platynaspis luteorubra,2016,1
Platynaspis luteorubra,2017,1
Platynaspis luteorubra,2018,7
Platynaspis luteorubra,2019,7
Platynaspis luteorubra,2020,3
Propylea quattuordecimpunctata,1600,1
Propylea quattuordecimpunctata,1879,1
Propylea quattuordecimpunctata,1884,1
Propylea quattuordecimpunctata,1891,1
Propylea quattuordecimpunctata,1892,1
Propylea quattuordecimpunctata,1894,1
Propylea quattuordecimpunctata,1895,2
Propylea quattuordecimpunctata,1897,1
Propylea quattuordecimpunctata,1898,1
Propylea quattuordecimpunctata,1900,2
Propylea quattuordecimpunctata,1902,3
Propylea quattuordecimpunctata,1904,1
Propylea quattuordecimpunctata,1905,1
Propylea quattuordecimpunctata,1906,1
Propylea quattuordecimpunctata,1920,1
Propylea quattuordecimpunctata,1922,2
Propylea quattuordecimpunctata,1925,2
Propylea quattuordecimpunctata,1929,1
Propylea quattuordecimpunctata,1934,2
Propylea quattuordecimpunctata,1938,1
Propylea quattuordecimpunctata,1940,2
Propylea quattuordecimpunctata,1941,4
Propylea quattuordecimpunctata,1942,3
Propylea quattuordecimpunctata,1943,2
Propylea quattuordecimpunctata,1944,1
Propylea quattuordecimpunctata,1945,2
Propylea quattuordecimpunctata,1946,4
Propylea quattuordecimpunctata,1948,1
Propylea quattuordecimpunctata,1949,1
Propylea quattuordecimpunctata,1950,4
Propylea quattuordecimpunctata,1951,2
Propylea quattuordecimpunctata,1954,1
Propylea quattuordecimpunctata,1955,1
Propylea quattuordecimpunctata,1956,5
Propylea quattuordecimpunctata,1957,2
Propylea quattuordecimpunctata,1958,1
Propylea quattuordecimpunctata,1959,1
Propylea quattuordecimpunctata,1960,9
Propylea quattuordecimpunctata,1961,2
Propylea quattuordecimpunctata,1963,1
Propylea quattuordecimpunctata,1964,2
Propylea quattuordecimpunctata,1965,3
Propylea quattuordecimpunctata,1966,5
Propylea quattuordecimpunctata,1967,2
Propylea quattuordecimpunctata,1968,6
Propylea quattuordecimpunctata,1969,3
Propylea quattuordecimpunctata,1970,2
Propylea quattuordecimpunctata,1971,13
Propylea quattuordecimpunctata,1972,14
Propylea quattuordecimpunctata,1973,13
Propylea quattuordecimpunctata,1974,6
Propylea quattuordecimpunctata,1975,18
Propylea quattuordecimpunctata,1976,53
Propylea quattuordecimpunctata,1977,90
Propylea quattuordecimpunctata,1978,159
Propylea quattuordecimpunctata,1979,59
Propylea quattuordecimpunctata,1980,102
Propylea quattuordecimpunctata,1981,69
Propylea quattuordecimpunctata,1982,98
Propylea quattuordecimpunctata,1983,112
Propylea quattuordecimpunctata,1984,135
Propylea quattuordecimpunctata,1985,158
Propylea quattuordecimpunctata,1986,113
Propylea quattuordecimpunctata,1987,75
Propylea quattuordecimpunctata,1988,124
Propylea quattuordecimpunctata,1989,171
Propylea quattuordecimpunctata,1990,213
Propylea quattuordecimpunctata,1991,188
Propylea quattuordecimpunctata,1992,253
Propylea quattuordecimpunctata,1993,249
Propylea quattuordecimpunctata,1994,349
Propylea quattuordecimpunctata,1995,388
Propylea quattuordecimpunctata,1996,391
Propylea quattuordecimpunctata,1997,341
Propylea quattuordecimpunctata,1998,255
Propylea quattuordecimpunctata,1999,306
Propylea quattuordecimpunctata,2000,447
Propylea quattuordecimpunctata,2001,344
Propylea quattuordecimpunctata,2002,549
Propylea quattuordecimpunctata,2003,326
Propylea quattuordecimpunctata,2004,515
Propylea quattuordecimpunctata,2005,897
Propylea quattuordecimpunctata,2006,799
Propylea quattuordecimpunctata,2007,596
Propylea quattuordecimpunctata,2008,197
Propylea quattuordecimpunctata,2009,365
Propylea quattuordecimpunctata,2010,332
Propylea quattuordecimpunctata,2011,119
Propylea quattuordecimpunctata,2012,60
Propylea quattuordecimpunctata,2013,325
Propylea quattuordecimpunctata,2014,512
Propylea quattuordecimpunctata,2015,450
Propylea quattuordecimpunctata,2016,429
Propylea quattuordecimpunctata,2017,345
Propylea quattuordecimpunctata,2018,396
Propylea quattuordecimpunctata,2019,918
Propylea quattuordecimpunctata,2020,924
Psyllobora vigintiduopunctata,1848,2
Psyllobora vigintiduopunctata,1880,1
Psyllobora vigintiduopunctata,1884,1
Psyllobora vigintiduopunctata,1888,1
Psyllobora vigintiduopunctata,1892,1
Psyllobora vigintiduopunctata,1894,1
Psyllobora vigintiduopunctata,1895,1
Psyllobora vigintiduopunctata,1900,2
Psyllobora vigintiduopunctata,1903,1
Psyllobora vigintiduopunctata,1904,2
Psyllobora vigintiduopunctata,1905,4
Psyllobora vigintiduopunctata,1906,1
Psyllobora vigintiduopunctata,1910,1
Psyllobora vigintiduopunctata,1914,1
Psyllobora vigintiduopunctata,1919,1
Psyllobora vigintiduopunctata,1920,3
Psyllobora vigintiduopunctata,1922,2
Psyllobora vigintiduopunctata,1930,1
Psyllobora vigintiduopunctata,1931,1
Psyllobora vigintiduopunctata,1934,3
Psyllobora vigintiduopunctata,1935,2
Psyllobora vigintiduopunctata,1937,1
Psyllobora vigintiduopunctata,1938,1
Psyllobora vigintiduopunctata,1939,1
Psyllobora vigintiduopunctata,1940,3
Psyllobora vigintiduopunctata,1943,1
Psyllobora vigintiduopunctata,1944,2
Psyllobora vigintiduopunctata,1945,3
Psyllobora vigintiduopunctata,1946,1
Psyllobora vigintiduopunctata,1948,2
Psyllobora vigintiduopunctata,1951,3
Psyllobora vigintiduopunctata,1953,1
Psyllobora vigintiduopunctata,1955,2
Psyllobora vigintiduopunctata,1956,4
Psyllobora vigintiduopunctata,1958,2
Psyllobora vigintiduopunctata,1959,3
Psyllobora vigintiduopunctata,1960,1
Psyllobora vigintiduopunctata,1961,2
Psyllobora vigintiduopunctata,1962,2
Psyllobora vigintiduopunctata,1963,3
Psyllobora vigintiduopunctata,1964,1
Psyllobora vigintiduopunctata,1965,2
Psyllobora vigintiduopunctata,1967,2
Psyllobora vigintiduopunctata,1968,4
Psyllobora vigintiduopunctata,1970,5
Psyllobora vigintiduopunctata,1971,6
Psyllobora vigintiduopunctata,1972,3
Psyllobora vigintiduopunctata,1973,10
Psyllobora vigintiduopunctata,1974,4
Psyllobora vigintiduopunctata,1975,18
Psyllobora vigintiduopunctata,1976,22
Psyllobora vigintiduopunctata,1977,22
Psyllobora vigintiduopunctata,1978,35
Psyllobora vigintiduopunctata,1979,8
Psyllobora vigintiduopunctata,1980,35
Psyllobora vigintiduopunctata,1981,34
Psyllobora vigintiduopunctata,1982,52
Psyllobora vigintiduopunctata,1983,61
Psyllobora vigintiduopunctata,1984,76
Psyllobora vigintiduopunctata,1985,53
Psyllobora vigintiduopunctata,1986,37
Psyllobora vigintiduopunctata,1987,55
Psyllobora vigintiduopunctata,1988,38
Psyllobora vigintiduopunctata,1989,73
Psyllobora vigintiduopunctata,1990,91
Psyllobora vigintiduopunctata,1991,94
Psyllobora vigintiduopunctata,1992,174
Psyllobora vigintiduopunctata,1993,177
Psyllobora vigintiduopunctata,1994,137
Psyllobora vigintiduopunctata,1995,104
Psyllobora vigintiduopunctata,1996,90
Psyllobora vigintiduopunctata,1997,94
Psyllobora vigintiduopunctata,1998,94
Psyllobora vigintiduopunctata,1999,231
Psyllobora vigintiduopunctata,2000,329
Psyllobora vigintiduopunctata,2001,296
Psyllobora vigintiduopunctata,2002,269
Psyllobora vigintiduopunctata,2003,190
Psyllobora vigintiduopunctata,2004,224
Psyllobora vigintiduopunctata,2005,293
Psyllobora vigintiduopunctata,2006,273
Psyllobora vigintiduopunctata,2007,223
Psyllobora vigintiduopunctata,2008,122
Psyllobora vigintiduopunctata,2009,259
Psyllobora vigintiduopunctata,2010,149
Psyllobora vigintiduopunctata,2011,78
Psyllobora vigintiduopunctata,2012,17
Psyllobora vigintiduopunctata,2013,151
Psyllobora vigintiduopunctata,2014,220
Psyllobora vigintiduopunctata,2015,208
Psyllobora vigintiduopunctata,2016,268
Psyllobora vigintiduopunctata,2017,335
Psyllobora vigintiduopunctata,2018,313
Psyllobora vigintiduopunctata,2019,399
Psyllobora vigintiduopunctata,2020,460
Rhyzobius chrysomeloides,1996,1
Rhyzobius chrysomeloides,1997,1
Rhyzobius chrysomeloides,1998,3
Rhyzobius chrysomeloides,1999,2
Rhyzobius chrysomeloides,2000,1
Rhyzobius chrysomeloides,2001,3
Rhyzobius chrysomeloides,2002,5
Rhyzobius chrysomeloides,2003,15
Rhyzobius chrysomeloides,2004,6
Rhyzobius chrysomeloides,2005,3
Rhyzobius chrysomeloides,2006,15
Rhyzobius chrysomeloides,2007,14
Rhyzobius chrysomeloides,2008,15
Rhyzobius chrysomeloides,2009,14
Rhyzobius chrysomeloides,2010,10
Rhyzobius chrysomeloides,2011,8
Rhyzobius chrysomeloides,2012,1
Rhyzobius chrysomeloides,2013,6
Rhyzobius chrysomeloides,2014,24
Rhyzobius chrysomeloides,2015,11
Rhyzobius chrysomeloides,2016,11
Rhyzobius chrysomeloides,2017,9
Rhyzobius chrysomeloides,2018,16
Rhyzobius chrysomeloides,2019,191
Rhyzobius chrysomeloides,2020,293
Rhyzobius forestieri,2017,3
Rhyzobius forestieri,2018,21
Rhyzobius forestieri,2019,38
Rhyzobius forestieri,2020,38
Rhyzobius litura,1600,1
Rhyzobius litura,1890,2
Rhyzobius litura,1891,1
Rhyzobius litura,1892,1
Rhyzobius litura,1894,1
Rhyzobius litura,1895,1
Rhyzobius litura,1898,1
Rhyzobius litura,1900,1
Rhyzobius litura,1902,1
Rhyzobius litura,1903,3
Rhyzobius litura,1905,1
Rhyzobius litura,1906,2
Rhyzobius litura,1907,1
Rhyzobius litura,1909,1
Rhyzobius litura,1914,2
Rhyzobius litura,1920,1
Rhyzobius litura,1921,1
Rhyzobius litura,1922,2
Rhyzobius litura,1926,1
Rhyzobius litura,1927,4
Rhyzobius litura,1928,2
Rhyzobius litura,1929,1
Rhyzobius litura,1935,2
Rhyzobius litura,1937,1
Rhyzobius litura,1938,1
Rhyzobius litura,1940,2
Rhyzobius litura,1946,2
Rhyzobius litura,1947,1
Rhyzobius litura,1948,1
Rhyzobius litura,1951,1
Rhyzobius litura,1953,1
Rhyzobius litura,1955,2
Rhyzobius litura,1957,1
Rhyzobius litura,1961,3
Rhyzobius litura,1962,2
Rhyzobius litura,1963,2
Rhyzobius litura,1964,2
Rhyzobius litura,1965,2
Rhyzobius litura,1966,1
Rhyzobius litura,1968,3
Rhyzobius litura,1969,4
Rhyzobius litura,1970,4
Rhyzobius litura,1971,6
Rhyzobius litura,1972,9
Rhyzobius litura,1973,13
Rhyzobius litura,1974,4
Rhyzobius litura,1975,6
Rhyzobius litura,1976,15
Rhyzobius litura,1977,23
Rhyzobius litura,1978,26
Rhyzobius litura,1979,13
Rhyzobius litura,1980,30
Rhyzobius litura,1981,10
Rhyzobius litura,1982,27
Rhyzobius litura,1983,42
Rhyzobius litura,1984,42
Rhyzobius litura,1985,59
Rhyzobius litura,1986,42
Rhyzobius litura,1987,40
Rhyzobius litura,1988,37
Rhyzobius litura,1989,51
Rhyzobius litura,1990,30
Rhyzobius litura,1991,68
Rhyzobius litura,1992,51
Rhyzobius litura,1993,44
Rhyzobius litura,1994,43
Rhyzobius litura,1995,42
Rhyzobius litura,1996,56
Rhyzobius litura,1997,58
Rhyzobius litura,1998,55
Rhyzobius litura,1999,79
Rhyzobius litura,2000,115
Rhyzobius litura,2001,83
Rhyzobius litura,2002,158
Rhyzobius litura,2003,90
Rhyzobius litura,2004,90
Rhyzobius litura,2005,104
Rhyzobius litura,2006,123
Rhyzobius litura,2007,108
Rhyzobius litura,2008,77
Rhyzobius litura,2009,176
Rhyzobius litura,2010,33
Rhyzobius litura,2011,23
Rhyzobius litura,2012,9
Rhyzobius litura,2013,17
Rhyzobius litura,2014,27
Rhyzobius litura,2015,28
Rhyzobius litura,2016,65
Rhyzobius litura,2017,36
Rhyzobius litura,2018,60
Rhyzobius litura,2019,84
Rhyzobius litura,2020,67
Rhyzobius lophanthae,1999,2
Rhyzobius lophanthae,2006,7
Rhyzobius lophanthae,2007,1
Rhyzobius lophanthae,2013,10
Rhyzobius lophanthae,2014,18
Rhyzobius lophanthae,2015,6
Rhyzobius lophanthae,2016,8
Rhyzobius lophanthae,2017,7
Rhyzobius lophanthae,2018,11
Rhyzobius lophanthae,2019,8
Rhyzobius lophanthae,2020,22
Rodolia cardinalis,2003,4
Rodolia cardinalis,2006,1
Scymnus auritus,1892,1
Scymnus auritus,1898,1
Scymnus auritus,1899,3
Scymnus auritus,1900,1
Scymnus auritus,1902,3
Scymnus auritus,1903,1
Scymnus auritus,1904,1
Scymnus auritus,1905,1
Scymnus auritus,1913,1
Scymnus auritus,1920,1
Scymnus auritus,1930,1
Scymnus auritus,1935,1
Scymnus auritus,1936,1
Scymnus auritus,1938,1
Scymnus auritus,1940,1
Scymnus auritus,1944,1
Scymnus auritus,1947,1
Scymnus auritus,1951,1
Scymnus auritus,1957,2
Scymnus auritus,1958,2
Scymnus auritus,1960,3
Scymnus auritus,1962,1
Scymnus auritus,1963,1
Scymnus auritus,1964,1
Scymnus auritus,1965,3
Scymnus auritus,1966,2
Scymnus auritus,1968,2
Scymnus auritus,1969,2
Scymnus auritus,1970,2
Scymnus auritus,1971,3
Scymnus auritus,1972,3
Scymnus auritus,1973,2
Scymnus auritus,1974,1
Scymnus auritus,1975,7
Scymnus auritus,1976,8
Scymnus auritus,1977,6
Scymnus auritus,1978,8
Scymnus auritus,1979,7
Scymnus auritus,1980,8
Scymnus auritus,1982,2
Scymnus auritus,1983,4
Scymnus auritus,1984,18
Scymnus auritus,1985,7
Scymnus auritus,1986,6
Scymnus auritus,1987,1
Scymnus auritus,1988,3
Scymnus auritus,1989,2
Scymnus auritus,1990,5
Scymnus auritus,1991,4
Scymnus auritus,1992,7
Scymnus auritus,1993,4
Scymnus auritus,1994,3
Scymnus auritus,1995,2
Scymnus auritus,1996,14
Scymnus auritus,1997,7
Scymnus auritus,1998,6
Scymnus auritus,1999,2
Scymnus auritus,2000,9
Scymnus auritus,2001,1
Scymnus auritus,2002,7
Scymnus auritus,2003,11
Scymnus auritus,2004,6
Scymnus auritus,2005,3
Scymnus auritus,2006,3
Scymnus auritus,2007,6
Scymnus auritus,2008,2
Scymnus auritus,2009,1
Scymnus auritus,2010,2
Scymnus auritus,2011,5
Scymnus auritus,2014,3
Scymnus auritus,2015,4
Scymnus auritus,2016,1
Scymnus auritus,2017,4
Scymnus auritus,2018,3
Scymnus auritus,2019,9
Scymnus auritus,2020,9
Scymnus femoralis,1855,2
Scymnus femoralis,1899,1
Scymnus femoralis,1936,1
Scymnus femoralis,1951,1
Scymnus femoralis,1963,1
Scymnus femoralis,1970,1
Scymnus femoralis,1974,1
Scymnus femoralis,1978,1
Scymnus femoralis,1981,1
Scymnus femoralis,1983,5
Scymnus femoralis,1992,3
Scymnus femoralis,1994,2
Scymnus femoralis,1995,3
Scymnus femoralis,1996,9
Scymnus femoralis,1997,5
Scymnus femoralis,1998,1
Scymnus femoralis,1999,1
Scymnus femoralis,2000,5
Scymnus femoralis,2002,5
Scymnus femoralis,2003,1
Scymnus femoralis,2004,2
Scymnus femoralis,2005,2
Scymnus femoralis,2006,2
Scymnus femoralis,2007,1
Scymnus femoralis,2013,1
Scymnus femoralis,2015,1
Scymnus femoralis,2016,1
Scymnus femoralis,2017,1
Scymnus femoralis,2018,1
Scymnus femoralis,2019,1
Scymnus frontalis,1845,2
Scymnus frontalis,1855,2
Scymnus frontalis,1892,1
Scymnus frontalis,1899,1
Scymnus frontalis,1900,1
Scymnus frontalis,1903,1
Scymnus frontalis,1913,1
Scymnus frontalis,1916,1
Scymnus frontalis,1922,2
Scymnus frontalis,1948,1
Scymnus frontalis,1959,2
Scymnus frontalis,1961,1
Scymnus frontalis,1962,1
Scymnus frontalis,1973,3
Scymnus frontalis,1976,5
Scymnus frontalis,1977,1
Scymnus frontalis,1978,1
Scymnus frontalis,1979,2
Scymnus frontalis,1980,5
Scymnus frontalis,1982,1
Scymnus frontalis,1983,4
Scymnus frontalis,1984,7
Scymnus frontalis,1985,6
Scymnus frontalis,1986,1
Scymnus frontalis,1987,3
Scymnus frontalis,1988,1
Scymnus frontalis,1989,1
Scymnus frontalis,1990,3
Scymnus frontalis,1991,4
Scymnus frontalis,1992,8
Scymnus frontalis,1994,1
Scymnus frontalis,1995,3
Scymnus frontalis,1996,6
Scymnus frontalis,1997,9
Scymnus frontalis,1998,3
Scymnus frontalis,1999,7
Scymnus frontalis,2000,12
Scymnus frontalis,2001,9
Scymnus frontalis,2002,21
Scymnus frontalis,2003,8
Scymnus frontalis,2004,8
Scymnus frontalis,2005,9
Scymnus frontalis,2006,14
Scymnus frontalis,2007,7
Scymnus frontalis,2008,8
Scymnus frontalis,2009,16
Scymnus frontalis,2010,3
Scymnus frontalis,2014,4
Scymnus frontalis,2016,2
Scymnus frontalis,2017,6
Scymnus frontalis,2018,13
Scymnus frontalis,2019,18
Scymnus frontalis,2020,13
Scymnus haemorrhoidalis,1600,1
Scymnus haemorrhoidalis,1855,2
Scymnus haemorrhoidalis,1892,1
Scymnus haemorrhoidalis,1899,2
Scymnus haemorrhoidalis,1900,1
Scymnus haemorrhoidalis,1904,1
Scymnus haemorrhoidalis,1919,1
Scymnus haemorrhoidalis,1920,1
Scymnus haemorrhoidalis,1922,3
Scymnus haemorrhoidalis,1936,1
Scymnus haemorrhoidalis,1941,1
Scymnus haemorrhoidalis,1947,2
Scymnus haemorrhoidalis,1953,2
Scymnus haemorrhoidalis,1956,1
Scymnus haemorrhoidalis,1958,2
Scymnus haemorrhoidalis,1960,1
Scymnus haemorrhoidalis,1961,3
Scymnus haemorrhoidalis,1962,1
Scymnus haemorrhoidalis,1966,1
Scymnus haemorrhoidalis,1968,1
Scymnus haemorrhoidalis,1971,2
Scymnus haemorrhoidalis,1973,1
Scymnus haemorrhoidalis,1976,3
Scymnus haemorrhoidalis,1977,2
Scymnus haemorrhoidalis,1978,1
Scymnus haemorrhoidalis,1980,1
Scymnus haemorrhoidalis,1983,5
Scymnus haemorrhoidalis,1984,11
Scymnus haemorrhoidalis,1985,5
Scymnus haemorrhoidalis,1986,2
Scymnus haemorrhoidalis,1987,4
Scymnus haemorrhoidalis,1988,3
Scymnus haemorrhoidalis,1990,8
Scymnus haemorrhoidalis,1991,4
Scymnus haemorrhoidalis,1992,1
Scymnus haemorrhoidalis,1993,2
Scymnus haemorrhoidalis,1994,1
Scymnus haemorrhoidalis,1995,1
Scymnus haemorrhoidalis,1996,3
Scymnus haemorrhoidalis,1997,6
Scymnus haemorrhoidalis,1998,3
Scymnus haemorrhoidalis,1999,2
Scymnus haemorrhoidalis,2000,5
Scymnus haemorrhoidalis,2001,8
Scymnus haemorrhoidalis,2002,10
Scymnus haemorrhoidalis,2003,4
Scymnus haemorrhoidalis,2004,10
Scymnus haemorrhoidalis,2005,8
Scymnus haemorrhoidalis,2006,9
Scymnus haemorrhoidalis,2007,2
Scymnus haemorrhoidalis,2008,2
Scymnus haemorrhoidalis,2009,6
Scymnus haemorrhoidalis,2013,2
Scymnus haemorrhoidalis,2014,2
Scymnus haemorrhoidalis,2015,2
Scymnus haemorrhoidalis,2016,3
Scymnus haemorrhoidalis,2017,3
Scymnus haemorrhoidalis,2018,3
Scymnus haemorrhoidalis,2019,7
Scymnus haemorrhoidalis,2020,12
Scymnus interruptus,1986,1
Scymnus interruptus,1996,3
Scymnus interruptus,2000,1
Scymnus interruptus,2003,2
Scymnus interruptus,2004,2
Scymnus interruptus,2005,2
Scymnus interruptus,2006,4
Scymnus interruptus,2007,1
Scymnus interruptus,2008,2
Scymnus interruptus,2009,1
Scymnus interruptus,2010,1
Scymnus interruptus,2012,5
Scymnus interruptus,2013,13
Scymnus interruptus,2014,40
Scymnus interruptus,2015,31
Scymnus interruptus,2016,38
Scymnus interruptus,2017,24
Scymnus interruptus,2018,34
Scymnus interruptus,2019,34
Scymnus interruptus,2020,24
Scymnus limbatus,1878,1
Scymnus limbatus,1900,1
Scymnus limbatus,1905,1
Scymnus limbatus,1912,1
Scymnus limbatus,1915,1
Scymnus limbatus,1919,1
Scymnus limbatus,1933,1
Scymnus limbatus,1942,1
Scymnus limbatus,1943,1
Scymnus limbatus,1945,2
Scymnus limbatus,1973,1
Scymnus limbatus,1975,2
Scymnus limbatus,1982,1
Scymnus limbatus,1983,1
Scymnus limbatus,1984,1
Scymnus limbatus,1987,1
Scymnus limbatus,1990,2
Scymnus limbatus,1991,1
Scymnus limbatus,1992,2
Scymnus limbatus,1993,2
Scymnus limbatus,1994,7
Scymnus limbatus,1995,3
Scymnus limbatus,1996,6
Scymnus limbatus,1997,1
Scymnus limbatus,2003,3
Scymnus limbatus,2007,3
Scymnus limbatus,2008,2
Scymnus limbatus,2015,1
Scymnus limbatus,2018,1
Scymnus nigrinus,1600,1
Scymnus nigrinus,1894,1
Scymnus nigrinus,1908,1
Scymnus nigrinus,1916,1
Scymnus nigrinus,1929,1
Scymnus nigrinus,1944,1
Scymnus nigrinus,1956,2
Scymnus nigrinus,1961,1
Scymnus nigrinus,1968,2
Scymnus nigrinus,1973,4
Scymnus nigrinus,1974,3
Scymnus nigrinus,1975,1
Scymnus nigrinus,1984,2
Scymnus nigrinus,1987,2
Scymnus nigrinus,1988,1
Scymnus nigrinus,1989,2
Scymnus nigrinus,1991,6
Scymnus nigrinus,1993,1
Scymnus nigrinus,1996,1
Scymnus nigrinus,1998,2
Scymnus nigrinus,1999,1
Scymnus nigrinus,2001,1
Scymnus nigrinus,2005,2
Scymnus nigrinus,2010,2
Scymnus nigrinus,2014,1
Scymnus nigrinus,2018,1
Scymnus nigrinus,2020,1
Scymnus rubromaculatus,1961,1
Scymnus rubromaculatus,2000,2
Scymnus schmidti,1948,2
Scymnus schmidti,1961,1
Scymnus schmidti,1962,2
Scymnus schmidti,1966,1
Scymnus schmidti,1974,1
Scymnus schmidti,1976,2
Scymnus schmidti,1977,4
Scymnus schmidti,1978,3
Scymnus schmidti,1983,5
Scymnus schmidti,1984,2
Scymnus schmidti,1985,1
Scymnus schmidti,1987,1
Scymnus schmidti,1992,4
Scymnus schmidti,1993,2
Scymnus schmidti,1994,2
Scymnus schmidti,1995,3
Scymnus schmidti,1996,2
Scymnus schmidti,1997,7
Scymnus schmidti,1999,11
Scymnus schmidti,2000,1
Scymnus schmidti,2002,1
Scymnus schmidti,2003,3
Scymnus schmidti,2004,5
Scymnus schmidti,2005,3
Scymnus schmidti,2006,8
Scymnus schmidti,2009,2
Scymnus schmidti,2011,1
Scymnus schmidti,2013,2
Scymnus schmidti,2014,1
Scymnus schmidti,2015,1
Scymnus schmidti,2016,3
Scymnus schmidti,2019,3
Scymnus suturalis,1850,1
Scymnus suturalis,1852,1
Scymnus suturalis,1854,1
Scymnus suturalis,1887,1
Scymnus suturalis,1888,1
Scymnus suturalis,1890,1
Scymnus suturalis,1891,1
Scymnus suturalis,1892,1
Scymnus suturalis,1899,1
Scymnus suturalis,1902,1
Scymnus suturalis,1904,1
Scymnus suturalis,1905,2
Scymnus suturalis,1915,1
Scymnus suturalis,1918,1
Scymnus suturalis,1919,1
Scymnus suturalis,1920,1
Scymnus suturalis,1921,1
Scymnus suturalis,1925,1
Scymnus suturalis,1928,2
Scymnus suturalis,1929,2
Scymnus suturalis,1931,1
Scymnus suturalis,1936,1
Scymnus suturalis,1938,1
Scymnus suturalis,1943,1
Scymnus suturalis,1944,1
Scymnus suturalis,1946,2
Scymnus suturalis,1947,1
Scymnus suturalis,1956,1
Scymnus suturalis,1961,3
Scymnus suturalis,1964,2
Scymnus suturalis,1967,1
Scymnus suturalis,1969,2
Scymnus suturalis,1971,4
Scymnus suturalis,1972,1
Scymnus suturalis,1973,1
Scymnus suturalis,1974,2
Scymnus suturalis,1975,1
Scymnus suturalis,1976,1
Scymnus suturalis,1977,1
Scymnus suturalis,1978,5
Scymnus suturalis,1979,3
Scymnus suturalis,1980,10
Scymnus suturalis,1981,2
Scymnus suturalis,1982,3
Scymnus suturalis,1983,5
Scymnus suturalis,1984,7
Scymnus suturalis,1985,8
Scymnus suturalis,1986,5
Scymnus suturalis,1987,4
Scymnus suturalis,1988,3
Scymnus suturalis,1989,4
Scymnus suturalis,1990,4
Scymnus suturalis,1991,8
Scymnus suturalis,1992,8
Scymnus suturalis,1993,1
Scymnus suturalis,1994,9
Scymnus suturalis,1995,2
Scymnus suturalis,1996,8
Scymnus suturalis,1998,7
Scymnus suturalis,1999,9
Scymnus suturalis,2000,12
Scymnus suturalis,2001,14
Scymnus suturalis,2002,23
Scymnus suturalis,2003,19
Scymnus suturalis,2004,19
Scymnus suturalis,2005,19
Scymnus suturalis,2006,9
Scymnus suturalis,2007,11
Scymnus suturalis,2008,6
Scymnus suturalis,2009,25
Scymnus suturalis,2010,7
Scymnus suturalis,2011,17
Scymnus suturalis,2012,1
Scymnus suturalis,2013,2
Scymnus suturalis,2014,14
Scymnus suturalis,2015,16
Scymnus suturalis,2016,10
Scymnus suturalis,2017,12
Scymnus suturalis,2018,9
Scymnus suturalis,2019,33
Scymnus suturalis,2020,19
Stethorus punctillum,1600,1
Stethorus punctillum,1850,1
Stethorus punctillum,1855,1
Stethorus punctillum,1892,1
Stethorus punctillum,1899,1
Stethorus punctillum,1900,1
Stethorus punctillum,1953,1
Stethorus punctillum,1960,1
Stethorus punctillum,1974,1
Stethorus punctillum,1978,3
Stethorus punctillum,1979,5
Stethorus punctillum,1983,1
Stethorus punctillum,1984,1
Stethorus punctillum,1985,1
Stethorus punctillum,1986,1
Stethorus punctillum,1989,1
Stethorus punctillum,1990,4
Stethorus punctillum,1991,4
Stethorus punctillum,1992,2
Stethorus punctillum,1994,1
Stethorus punctillum,1995,2
Stethorus punctillum,1996,6
Stethorus punctillum,1997,5
Stethorus punctillum,1998,4
Stethorus punctillum,1999,7
Stethorus punctillum,2000,3
Stethorus punctillum,2001,2
Stethorus punctillum,2002,2
Stethorus punctillum,2003,3
Stethorus punctillum,2004,3
Stethorus punctillum,2005,5
Stethorus punctillum,2006,4
Stethorus punctillum,2007,1
Stethorus punctillum,2008,2
Stethorus punctillum,2009,4
Stethorus punctillum,2010,2
Stethorus punctillum,2012,1
Stethorus punctillum,2014,2
Stethorus punctillum,2015,1
Stethorus punctillum,2016,6
Stethorus punctillum,2017,3
Stethorus punctillum,2018,19
Stethorus punctillum,2019,20
Stethorus punctillum,2020,19
Subcoccinella vigintiquattuorpunctata,1600,2
Subcoccinella vigintiquattuorpunctata,1842,1
Subcoccinella vigintiquattuorpunctata,1844,1
Subcoccinella vigintiquattuorpunctata,1848,1
Subcoccinella vigintiquattuorpunctata,1892,2
Subcoccinella vigintiquattuorpunctata,1899,1
Subcoccinella vigintiquattuorpunctata,1900,2
Subcoccinella vigintiquattuorpunctata,1909,2
Subcoccinella vigintiquattuorpunctata,1912,2
Subcoccinella vigintiquattuorpunctata,1915,1
Subcoccinella vigintiquattuorpunctata,1916,2
Subcoccinella vigintiquattuorpunctata,1923,4
Subcoccinella vigintiquattuorpunctata,1924,2
Subcoccinella vigintiquattuorpunctata,1925,1
Subcoccinella vigintiquattuorpunctata,1930,2
Subcoccinella vigintiquattuorpunctata,1932,1
Subcoccinella vigintiquattuorpunctata,1938,1
Subcoccinella vigintiquattuorpunctata,1939,1
Subcoccinella vigintiquattuorpunctata,1942,1
Subcoccinella vigintiquattuorpunctata,1945,3
Subcoccinella vigintiquattuorpunctata,1946,1
Subcoccinella vigintiquattuorpunctata,1948,1
Subcoccinella vigintiquattuorpunctata,1949,1
Subcoccinella vigintiquattuorpunctata,1953,1
Subcoccinella vigintiquattuorpunctata,1959,2
Subcoccinella vigintiquattuorpunctata,1960,7
Subcoccinella vigintiquattuorpunctata,1961,1
Subcoccinella vigintiquattuorpunctata,1962,1
Subcoccinella vigintiquattuorpunctata,1964,1
Subcoccinella vigintiquattuorpunctata,1966,3
Subcoccinella vigintiquattuorpunctata,1967,2
Subcoccinella vigintiquattuorpunctata,1968,1
Subcoccinella vigintiquattuorpunctata,1969,3
Subcoccinella vigintiquattuorpunctata,1971,4
Subcoccinella vigintiquattuorpunctata,1972,3
Subcoccinella vigintiquattuorpunctata,1973,4
Subcoccinella vigintiquattuorpunctata,1974,3
Subcoccinella vigintiquattuorpunctata,1975,7
Subcoccinella vigintiquattuorpunctata,1976,6
Subcoccinella vigintiquattuorpunctata,1977,17
Subcoccinella vigintiquattuorpunctata,1978,7
Subcoccinella vigintiquattuorpunctata,1979,8
Subcoccinella vigintiquattuorpunctata,1980,15
Subcoccinella vigintiquattuorpunctata,1981,12
Subcoccinella vigintiquattuorpunctata,1982,7
Subcoccinella vigintiquattuorpunctata,1983,21
Subcoccinella vigintiquattuorpunctata,1984,24
Subcoccinella vigintiquattuorpunctata,1985,13
Subcoccinella vigintiquattuorpunctata,1986,13
Subcoccinella vigintiquattuorpunctata,1987,17
Subcoccinella vigintiquattuorpunctata,1988,40
Subcoccinella vigintiquattuorpunctata,1989,87
Subcoccinella vigintiquattuorpunctata,1990,35
Subcoccinella vigintiquattuorpunctata,1991,58
Subcoccinella vigintiquattuorpunctata,1992,55
Subcoccinella vigintiquattuorpunctata,1993,67
Subcoccinella vigintiquattuorpunctata,1994,46
Subcoccinella vigintiquattuorpunctata,1995,53
Subcoccinella vigintiquattuorpunctata,1996,48
Subcoccinella vigintiquattuorpunctata,1997,49
Subcoccinella vigintiquattuorpunctata,1998,53
Subcoccinella vigintiquattuorpunctata,1999,73
Subcoccinella vigintiquattuorpunctata,2000,142
Subcoccinella vigintiquattuorpunctata,2001,170
Subcoccinella vigintiquattuorpunctata,2002,212
Subcoccinella vigintiquattuorpunctata,2003,145
Subcoccinella vigintiquattuorpunctata,2004,196
Subcoccinella vigintiquattuorpunctata,2005,233
Subcoccinella vigintiquattuorpunctata,2006,194
Subcoccinella vigintiquattuorpunctata,2007,216
Subcoccinella vigintiquattuorpunctata,2008,179
Subcoccinella vigintiquattuorpunctata,2009,177
Subcoccinella vigintiquattuorpunctata,2010,93
Subcoccinella vigintiquattuorpunctata,2011,39
Subcoccinella vigintiquattuorpunctata,2012,22
Subcoccinella vigintiquattuorpunctata,2013,64
Subcoccinella vigintiquattuorpunctata,2014,111
Subcoccinella vigintiquattuorpunctata,2015,122
Subcoccinella vigintiquattuorpunctata,2016,210
Subcoccinella vigintiquattuorpunctata,2017,195
Subcoccinella vigintiquattuorpunctata,2018,215
Subcoccinella vigintiquattuorpunctata,2019,289
Subcoccinella vigintiquattuorpunctata,2020,317
Tytthaspis sedecimpunctata,1832,1
Tytthaspis sedecimpunctata,1877,1
Tytthaspis sedecimpunctata,1892,1
Tytthaspis sedecimpunctata,1904,2
Tytthaspis sedecimpunctata,1916,1
Tytthaspis sedecimpunctata,1920,3
Tytthaspis sedecimpunctata,1922,3
Tytthaspis sedecimpunctata,1923,1
Tytthaspis sedecimpunctata,1928,1
Tytthaspis sedecimpunctata,1930,1
Tytthaspis sedecimpunctata,1938,1
Tytthaspis sedecimpunctata,1940,1
Tytthaspis sedecimpunctata,1951,1
Tytthaspis sedecimpunctata,1955,1
Tytthaspis sedecimpunctata,1956,3
Tytthaspis sedecimpunctata,1960,7
Tytthaspis sedecimpunctata,1961,3
Tytthaspis sedecimpunctata,1963,1
Tytthaspis sedecimpunctata,1965,3
Tytthaspis sedecimpunctata,1968,2
Tytthaspis sedecimpunctata,1970,2
Tytthaspis sedecimpunctata,1971,2
Tytthaspis sedecimpunctata,1972,3
Tytthaspis sedecimpunctata,1973,1
Tytthaspis sedecimpunctata,1975,2
Tytthaspis sedecimpunctata,1976,6
Tytthaspis sedecimpunctata,1977,2
Tytthaspis sedecimpunctata,1978,5
Tytthaspis sedecimpunctata,1979,3
Tytthaspis sedecimpunctata,1980,4
Tytthaspis sedecimpunctata,1981,3
Tytthaspis sedecimpunctata,1982,4
Tytthaspis sedecimpunctata,1983,13
Tytthaspis sedecimpunctata,1984,29
Tytthaspis sedecimpunctata,1985,35
Tytthaspis sedecimpunctata,1986,24
Tytthaspis sedecimpunctata,1987,30
Tytthaspis sedecimpunctata,1988,19
Tytthaspis sedecimpunctata,1989,15
Tytthaspis sedecimpunctata,1990,36
Tytthaspis sedecimpunctata,1991,30
Tytthaspis sedecimpunctata,1992,18
Tytthaspis sedecimpunctata,1993,12
Tytthaspis sedecimpunctata,1994,13
Tytthaspis sedecimpunctata,1995,70
Tytthaspis sedecimpunctata,1996,107
Tytthaspis sedecimpunctata,1997,93
Tytthaspis sedecimpunctata,1998,93
Tytthaspis sedecimpunctata,1999,79
Tytthaspis sedecimpunctata,2000,114
Tytthaspis sedecimpunctata,2001,121
Tytthaspis sedecimpunctata,2002,201
Tytthaspis sedecimpunctata,2003,116
Tytthaspis sedecimpunctata,2004,220
Tytthaspis sedecimpunctata,2005,234
Tytthaspis sedecimpunctata,2006,329
Tytthaspis sedecimpunctata,2007,253
Tytthaspis sedecimpunctata,2008,65
Tytthaspis sedecimpunctata,2009,110
Tytthaspis sedecimpunctata,2010,46
Tytthaspis sedecimpunctata,2011,21
Tytthaspis sedecimpunctata,2012,6
Tytthaspis sedecimpunctata,2013,9
Tytthaspis sedecimpunctata,2014,49
Tytthaspis sedecimpunctata,2015,81
Tytthaspis sedecimpunctata,2016,139
Tytthaspis sedecimpunctata,2017,135
Tytthaspis sedecimpunctata,2018,192
Tytthaspis sedecimpunctata,2019,325
Tytthaspis sedecimpunctata,2020,235
Vibidia duodecimguttata,1902,1
Vibidia duodecimguttata,1973,1
